business_id,name,full_address,street,city,state,postal_code,country,latitude,longitude,review_count,rating,phone_number,timezone,website,place_id,place_link,types,tags,price_level,sunday_hours,monday_hours,tuesday_hours,wednesday_hours,thursday_hours,friday_hours,saturday_hours,verified,description,facebook,instagram,tiktok,snapchat,twitter,linkedin,github,youtube,pinterest,website_title,website_description,email_1,email_2,email_3,email_4,email_5,email_6,email_7,email_8,email_9,website_phone_number_1,website_phone_number_2,website_phone_number_3,website_phone_number_4,website_phone_number_5,website_phone_number_6
"0x4cce0585435bffc3:0x350f69201467be74","John The Plumber","1541 Riverside Dr., Ottawa, ON K1G 4E2","1541 Riverside Dr.","Ottawa","ON","K1G 4E2","Canada","45.4091504","-75.6626732","2427","4.8","+16137065315","America/Toronto","https://johntheplumber.ca/","ChIJw_9bQ4UFzkwRdL5nFCBpDzU","https://www.google.com/maps/place/data=!3m1!4b1!4m2!3m1!1s0x4cce0585435bffc3:0x350f69201467be74","Plumber | Drainage service","plumbing","","Open 24 hours","Open 24 hours","Open 24 hours","Open 24 hours","Open 24 hours","Open 24 hours","Open 24 hours","true","","https://www.facebook.com/JohnThePlumberOttawa","https://www.instagram.com/johntheplumberbarrhaven","https://www.tiktok.com/@johntheplumbercanada","","https://twitter.com/jtpottawa","https://www.linkedin.com/company/john-the-plumber-ottawa","","https://www.youtube.com/@JohnThePlumber","","Fast, Award-Winning Plumbing & Drain Services – Same-Day Solutions","Call Ottawa's John The Plumber with any plumbing, drain, water heater, or furnace challenge - big or small, day or night","john@johntheplumber.ca","debbie@johntheplumber.ca","sherri.a@johntheplumber.ca","logan.vancingel@unb.ca","sseevvaagg@hotmail.com","protectiveplumbing@ottawa.ca","mtenute@gmail.com","mukaley83@gmail.com","alphonse.ndimbani@gmail.com","2896443856","9056450467","2894831367","6478126108","6132277465","26132277465"
"0x4cce058877731ff9:0x69c2c5c73714e75e","Offset Plumbing","164 First Ave, Ottawa, ON K1S 2G4","164 First Ave","Ottawa","ON","K1S 2G4","Canada","45.404585999999995","-75.6880575","97","5","+16137039749","America/Toronto","https://offsetplumbing.ca/","ChIJ-R9zd4gFzkwRXucUN8fFwmk","https://www.google.com/maps/place/data=!3m1!4b1!4m2!3m1!1s0x4cce058877731ff9:0x69c2c5c73714e75e","Plumber","plumbing","","Open 24 hours","Open 24 hours","Open 24 hours","Open 24 hours","Open 24 hours","Open 24 hours","Open 24 hours","true","","https://www.facebook.com/profile.php","https://www.instagram.com/offset.plumbing","","","","","","","","Offset Plumbing: Ottawa's most dependable plumbing service.","Ottawa's Most Dependable Plumbing Service. 24/7 emergency service. Contact Offset Plumbing today!","services@offsetplumbing.ca","emailservices@offsetplumbing.ca","","","","","","","","+1 613 703 9749","","","","",""
"0x4ccdfa39a6f6117b:0xabca1e64587ea835","Horizon Plumbing & Piping Systems","","","","","","Canada","45.264658399999995","-75.784983","402","4.9","+16138295960","America/Toronto","https://horizonplumbing.ca/","ChIJexH2pjn6zUwRNah-WGQeyqs","https://www.google.com/maps/place/data=!3m1!4b1!4m2!3m1!1s0x4ccdfa39a6f6117b:0xabca1e64587ea835","Plumber | Service establishment","plumbing","","Closed","7 a.m.–4 p.m.","7 a.m.–4 p.m.","7 a.m.–4 p.m.","7 a.m.–4 p.m.","7 a.m.–4 p.m.","Closed","true","","https://www.facebook.com/plumbingottawa","","","","","","","","","Horizon Plumbing - Reliable Plumbing Services in Ottawa","Horizon Plumbing offers reliable, expert plumbing services in Ottawa, Nepean, and Kanata. From repairs to installations, trust us for quality solutions.","info@horizonplumbing.ca","","","","","","","","","+1 613 829 5960","","","","",""
"0x4cce057758e7647b:0x7a2049acecd865b0","Plumbing Express","323 Coventry Rd #33, Ottawa, ON K1K 3X6","323 Coventry Rd #33","Ottawa","ON","K1K 3X6","Canada","45.4216762","-75.6581601","15","4.7","+16137916200","America/Toronto","https://www.plumbingexpress.ca/","ChIJe2TnWHcFzkwRsGXY7KxJIHo","https://www.google.com/maps/place/data=!3m1!4b1!4m2!3m1!1s0x4cce057758e7647b:0x7a2049acecd865b0","Plumber","plumbing","","8 a.m.–8 p.m.","8 a.m.–8 p.m.","8 a.m.–8 p.m.","8 a.m.–8 p.m.","8 a.m.–8 p.m.","8 a.m.–8 p.m.","8 a.m.–8 p.m.","true","","","","","","","","","","","","","","","","","","","","","","","","","","",""
"0x4cce07c42fd1f9ff:0x388b1e72d3ac4880","Plumbing Now","2487 Kaladar Ave #2120, Ottawa, ON K1V 8B9","2487 Kaladar Ave #2120","Ottawa","ON","K1V 8B9","Canada","45.374942","-75.66857399999999","309","4.8","+16138009696","America/Toronto","https://www.plumbingnow.ca/?utm_source=gbp&utm_medium=organic","ChIJ__nRL8QHzkwRgEis03Ieizg","https://www.google.com/maps/place/data=!3m1!4b1!4m2!3m1!1s0x4cce07c42fd1f9ff:0x388b1e72d3ac4880","Plumber","plumbing","","Open 24 hours","Open 24 hours","Open 24 hours","Open 24 hours","Open 24 hours","12 a.m.–5 p.m.","Closed","true","","","","","","","","","","","","","","","","","","","","","","","","","","",""
"0x4cce045332ad1739:0x4ad1051f33262cec","Ottawa Drain Services","375 Lisgar St #902, Ottawa, ON K2P 0E3","375 Lisgar St #902","Ottawa","ON","K2P 0E3","Canada","45.4161915","-75.69909059999999","31","4.8","+16138042544","America/Toronto","https://ottawadrainservices.ca/","ChIJORetMlMEzkwR7CwmMx8F0Uo","https://www.google.com/maps/place/data=!3m1!4b1!4m2!3m1!1s0x4cce045332ad1739:0x4ad1051f33262cec","Plumber","plumbing","","Open 24 hours","Open 24 hours","Open 24 hours","Open 24 hours","Open 24 hours","Open 24 hours","Open 24 hours","true","","","","","","","","","","","Residential Drain Cleaning - Ottawa Drain Services","Ottawa Drain Services provides professional drain cleaning, clogged drain repair, and emergency drain service in Ottawa. Using advanced equipment, we unclog drains the first time.","ottawadrainservices@gmail.com","","","","","","","","","+1 613 804 2544","","","","",""
"0x4cce05e028f92aeb:0x7f67cac21e7a6ce1","Environmental Plumbing & Drain Cleaning","610 Somerset St W 1st floor, Ottawa, ON K1R 5K4","610 Somerset St W 1st floor","Ottawa","ON","K1R 5K4","Canada","45.4120955","-75.703913","138","4.9","+16135195931","America/Toronto","https://environmentalplumbing.ca/downtown-ottawa/?utm_campaign=gmb","ChIJ6yr5KOAFzkwR4Wx6HsLKZ38","https://www.google.com/maps/place/data=!3m1!4b1!4m2!3m1!1s0x4cce05e028f92aeb:0x7f67cac21e7a6ce1","Plumber | Drainage service","plumbing, cleaning, septic","","Open 24 hours","Open 24 hours","Open 24 hours","Open 24 hours","Open 24 hours","Open 24 hours","Open 24 hours","true","","https://www.facebook.com/environmentalplumbingottawa","https://www.instagram.com/environmentalplumbing","","","","","","https://www.youtube.com/@EnvironmentalPlumbingCanada","","Ottawa Plumbing and Drain Cleaning - Same-Day Plumbers With Environmental Plumbing and Drains","Environmental Plumbing and Drains Ottawa is a Plumbing company setup by expert Gary Greco. Over 35 years of local experience, we offer expert drain cleaning, plumbing services in Nepean, Barrhaven, Kanata and Ontario West.","","","","","","","","","","","","","","",""
"0x4cce0f7a0b3e4153:0x5e9138ab53f58ec9","The Super Plumber - Ottawa","1181 Parisien St Unit B, Ottawa, ON K1B 4W4","1181 Parisien St Unit B","Ottawa","ON","K1B 4W4","Canada","45.420307799999996","-75.62790389999999","427","4.9","+16133171918","America/Toronto","https://www.thesuperplumber.com/?utm_source=google&utm_medium=gmb&utm_campaign=superplumber-ottawa-gmb","ChIJU0E-C3oPzkwRyY71U6s4kV4","https://www.google.com/maps/place/data=!3m1!4b1!4m2!3m1!1s0x4cce0f7a0b3e4153:0x5e9138ab53f58ec9","Plumber | Drainage service | Hot water system supplier | Plumbing supply store | Repair Service | Water filter supplier | Water softening equipment supplier | Water treatment supplier","retail, department-store, wholesale, plumbing, plumbing-supply","","Open 24 hours","Open 24 hours","Open 24 hours","Open 24 hours","Open 24 hours","Open 24 hours","Open 24 hours","true","","https://www.facebook.com/TheSuperPlumberRT","https://www.instagram.com/Superplumbers","https://www.tiktok.com/@thatplumberguywnw","","https://x.com/en","https://www.linkedin.com/in/aaron-hunter-bb6b05132","","http://www.youtube.com/@TheSuperPlumber","https://www.pinterest.com/thesuperplumber","Plumbing You Can Rely On | The Super Plumber","Need a Plumber you can trust? The Super Plumber offers emergency plumbing repairs, drain cleaning, sewer services, water treatment solutions, water heater installations and more. Call today for fast plumbing service!","sara@thesuperplumber.com","brody.f@thesuperplumber.com","privacyofficer@right-time.ca","","","","","","","8444787375","+1 844 478 7375","+1 833 908 1448","","",""
"0x4cce0ec4816bf2b9:0x32be465452109356","Mr. Rooter Plumbing of Ottawa","3900 Russell Rd, Ottawa, ON K1G 3N2","3900 Russell Rd","Ottawa","ON","K1G 3N2","Canada","45.3854362","-75.5968915","1899","4.7","+16132099417","America/Toronto","https://www.mrrooter.ca/ottawa/?utm_source=gmb&utm_campaign=local&utm_medium=organic","ChIJufJrgcQOzkwRVpMQUlRGvjI","https://www.google.com/maps/place/data=!3m1!4b1!4m2!3m1!1s0x4cce0ec4816bf2b9:0x32be465452109356","Plumber | Drainage service | Hot water system supplier | Plumbing supply store | Septic system service | Water pump supplier","retail, department-store, wholesale, plumbing, septic, plumbing-supply","","Open 24 hours","Open 24 hours","Open 24 hours","Open 24 hours","Open 24 hours","Open 24 hours","Open 24 hours","true","","https://www.facebook.com/MrRooterLLC","https://www.instagram.com/mrrooterllc","","","https://www.twitter.com/MrRooter123","https://www.linkedin.com/company/mr-rooter-llc","","https://www.youtube.com/c/mrrooter","https://www.pinterest.com/mrrooterplumbing","Plumbing Company - Drain Cleaning Professionals | Mr. Rooter Plumbing","We are a locally owned and operated plumbing company that offers 24/7 plumbing and draining cleaning with no overtime charges. Call us today!","winnipeg@mrrooter.ca","office@rootermail.com","floodprevention@epcor.com","service@mymrrooter.com","","","","","","8555910128","6044335555","+1 855 591 0128","","",""
"0x4cce05f7634f5a75:0x78cf7ac70476e736","Ottawa Plumbing Service","69 William St #204, Ottawa, ON K1P 5J6","69 William St #204","Ottawa","ON","K1P 5J6","Canada","45.4273545","-75.6916845","16","4","+16133171682","America/Toronto","https://ottawaplumbingservice.com/","ChIJdVpPY_cFzkwRNud2BMd6z3g","https://www.google.com/maps/place/data=!3m1!4b1!4m2!3m1!1s0x4cce05f7634f5a75:0x78cf7ac70476e736","Plumber","plumbing","","Open 24 hours","Open 24 hours","Open 24 hours","Open 24 hours","Open 24 hours","Open 24 hours","Open 24 hours","true","","","","","","","","","","","Ottawa Plumbing Service — Licensed Plumbers, 24/7 Emergency","Licensed plumbing repair and installation across Ottawa, Nepean, Orleans, Kanata, Stittsville and Gatineau.","info@ottawaplumbingservice.com","","","","","","","","","+1 613 317 1682","","","","",""
"0x4cce0690c4770c21:0xc2a45cf95215cc17","The Irish Plumber","1405 Raven Ave, Ottawa, ON K1Z 7Y5","1405 Raven Ave","Ottawa","ON","K1Z 7Y5","Canada","45.3779453","-75.7366576","794","4.8","+16139027441","America/Toronto","https://theirishplumber.ca/ottawa-plumbing-drain-services//?UTM_source=GMB_listing&UTM_medium=organic","ChIJIQx3xJAGzkwRF8wVUvlcpMI","https://www.google.com/maps/place/data=!3m1!4b1!4m2!3m1!1s0x4cce0690c4770c21:0xc2a45cf95215cc17","Plumber | Bathroom remodeler | Drainage service | Kitchen remodeler","plumbing","","Open 24 hours","Open 24 hours","Open 24 hours","Open 24 hours","Open 24 hours","Open 24 hours","Open 24 hours","true","","","","","","","","","","","","","","","","","","","","","","","","","","",""
"0x4cce05413b85e4ab:0x5df655f0d2104466","Belanger St-Pierre Plumbing","","","","","","Canada","45.2501566","-75.8002569","53","4.7","+16137452872","America/Toronto","https://belangerplb.com/","ChIJq-SFO0EFzkwRZkQQ0vBV9l0","https://www.google.com/maps/place/data=!3m1!4b1!4m2!3m1!1s0x4cce05413b85e4ab:0x5df655f0d2104466","Plumber | Bathroom remodeler | Drainage service | Service establishment | HVAC contractor | Kitchen remodeler | Waterbed repair service","plumbing, hvac, construction","","Closed","8 a.m.–4 p.m.","8 a.m.–4 p.m.","8 a.m.–4 p.m.","8 a.m.–4 p.m.","8 a.m.–4 p.m.","Closed","true","","","","","","","","","","","Ottawa Plumbing Since 1960 | Belanger St-Pierre Plumbing and Heating","At Belanger St-Pierre Plumbing and Heating, we offer the best plumbing services. Proudly serving the Ottawa region since 1960. Call Today!","info@belangerplb.com","","","","","","","","","+1 613 745 2872","+1 613 744 2147","","","",""
"0x4cce05c1b614d6d3:0xda82d194aac7f0c3","Knox Plumbing and Heating","110b Lebreton St N, Ottawa, ON K1R 7H4","110b Lebreton St N","Ottawa","ON","K1R 7H4","Canada","45.407573299999996","-75.7081972","13","5","+16138942000","America/Toronto","","ChIJ09YUtsEFzkwRw_DHqpTRgto","https://www.google.com/maps/place/data=!3m1!4b1!4m2!3m1!1s0x4cce05c1b614d6d3:0xda82d194aac7f0c3","Plumber","plumbing, hvac","","Closed","6 a.m.–7 p.m.","6 a.m.–7 p.m.","6 a.m.–7 p.m.","6 a.m.–7 p.m.","6 a.m.–7 p.m.","Closed","true","","","","","","","","","","","","","","","","","","","","","","","","","","",""
"0x4cce08bfddaaec7f:0xf267548892fd82eb","The Irish Plumber","3274 Kodiak Street, Ottawa, ON K1V 7S8","3274 Kodiak Street","Ottawa","ON","K1V 7S8","Canada","45.373925899999996","-75.6538867","68","4.9","+16137033650","America/Toronto","https://theirishplumber.ca/south-keys-greenboro-plumbing/?UTM_source=GMB_listing&UTM_medium=organic","ChIJf-yq3b8IzkwR64L9kohUZ_I","https://www.google.com/maps/place/data=!3m1!4b1!4m2!3m1!1s0x4cce08bfddaaec7f:0xf267548892fd82eb","Plumber | Bathroom remodeler | Drainage service | Kitchen remodeler","plumbing","","Open 24 hours","Open 24 hours","Open 24 hours","Open 24 hours","Open 24 hours","Open 24 hours","Open 24 hours","true","","","","","","","","","","","","","","","","","","","","","","","","","","",""
"0x4cce05e8881aaaab:0xd2508f8c315ddfdb","Canadian Electrical & Plumbing","Ottawa, ON K1S 5N2","","Ottawa","ON","K1S 5N2","Canada","45.3924607","-75.6822447","","","+16137395492","America/Toronto","","ChIJq6oaiOgFzkwR299dMYyPUNI","https://www.google.com/maps/place/data=!3m1!4b1!4m2!3m1!1s0x4cce05e8881aaaab:0xd2508f8c315ddfdb","Electrician","plumbing, electrical","","","","","","","","","false","","","","","","","","","","","","","","","","","","","","","","","","","","",""
"0x4cce0fba9007fd07:0xf1ebbb4ff8a39d25","Canada Plumbing","5330 Canotek Rd Unit 22, Ottawa, ON K1J 9C1","5330 Canotek Rd Unit 22","Ottawa","ON","K1J 9C1","Canada","45.452819299999994","-75.5851495","176","5","+16138907700","America/Toronto","http://www.canadaplumbingservices.com/","ChIJB_0HkLoPzkwRJZ2j-E-76_E","https://www.google.com/maps/place/data=!3m1!4b1!4m2!3m1!1s0x4cce0fba9007fd07:0xf1ebbb4ff8a39d25","Plumber | Drainage service | Gas installation service | General contractor | Heating contractor | Pump supplier | Water softening equipment supplier | Water treatment supplier","wholesale, plumbing, hvac, construction","","Open 24 hours","Open 24 hours","Open 24 hours","Open 24 hours","Open 24 hours","Open 24 hours","Open 24 hours","true","","https://www.facebook.com/Canada-Plumbing-Inc-108899934921527","","","","","","","","","Professional Ottawa Plumbers for All Plumbing Issues | Canada Plumbing","Our team of professional Ottawa Plumbers help resolve all plumbing issues, from clogged drains to fault hot water tanks. Call us today for more information.","jmcpherson@canadaplumbing.net","info@canadaplumbing.net","","","","","","","","+1 613 262 8230","+1 613 890 7700","","","",""
"0x4cce7fee39878aa1:0x3aa37ce0c3c7bde8","C&C Plumbing","","","","","","Canada","45.2482659","-75.7141244","23","5","+13434516094","America/Toronto","https://candcplumbing.ca/","ChIJoYqHOe5_zkwR6L3Hw-B8ozo","https://www.google.com/maps/place/data=!3m1!4b1!4m2!3m1!1s0x4cce7fee39878aa1:0x3aa37ce0c3c7bde8","Plumber | Service establishment | Water treatment supplier","wholesale, plumbing","","Closed","7 a.m.–4 p.m.","7 a.m.–4 p.m.","7 a.m.–4 p.m.","7 a.m.–4 p.m.","7 a.m.–4 p.m.","Closed","true","","","","","","","","","","","","","","","","","","","","","","","","","","",""
"0x4cce05e75fa72075:0xe96ac2e2f5e1c73f","Cundell Plumbing & Heating LTD","328-A Gardner St, Vanier, ON K1L 7V7","328-A Gardner St","Vanier","ON","K1L 7V7","Canada","45.432435299999995","-75.6654185","59","3.3","+16137441133","America/Toronto","","ChIJdSCnX-cFzkwRP8fh9eLCauk","https://www.google.com/maps/place/data=!3m1!4b1!4m2!3m1!1s0x4cce05e75fa72075:0xe96ac2e2f5e1c73f","Plumber","plumbing, hvac","","Open 24 hours","Open 24 hours","Open 24 hours","Open 24 hours","Open 24 hours","Open 24 hours","Open 24 hours","true","","","","","","","","","","","","","","","","","","","","","","","","","","",""
"0x4cce0f6d94d644b5:0x70a0dff9ae966374","Canada Plumbing Inc","1492 Northdale St, Ottawa, ON K1B 4G6","1492 Northdale St","Ottawa","ON","K1B 4G6","Canada","45.4222421","-75.60676819999999","6","5","+16132628230","America/Toronto","http://canadaplumbingservices.com/","ChIJtUTWlG0PzkwRdGOWrvnfoHA","https://www.google.com/maps/place/data=!3m1!4b1!4m2!3m1!1s0x4cce0f6d94d644b5:0x70a0dff9ae966374","Plumber","plumbing","","Open 24 hours","Open 24 hours","Open 24 hours","Open 24 hours","Open 24 hours","Open 24 hours","Open 24 hours","true","","https://www.facebook.com/Canada-Plumbing-Inc-108899934921527","","","","","","","","","Professional Ottawa Plumbers for All Plumbing Issues | Canada Plumbing","Our team of professional Ottawa Plumbers help resolve all plumbing issues, from clogged drains to fault hot water tanks. Call us today for more information.","jmcpherson@canadaplumbing.net","info@canadaplumbing.net","","","","","","","","+1 613 262 8230","+1 613 890 7700","","","",""
"0x4cce0d83e20bcfe5:0xf2d911a9d3c9baa3","Fyfe Plumbing","1120 Parisien St, Ottawa, ON K1B 3N5","1120 Parisien St","Ottawa","ON","K1B 3N5","Canada","45.418786","-75.62862679999999","10","4.6","+16132197574","America/Toronto","http://www.fyfeplumbing.ca/","ChIJ5c8L4oMNzkwRo7rJ06kR2fI","https://www.google.com/maps/place/data=!3m1!4b1!4m2!3m1!1s0x4cce0d83e20bcfe5:0xf2d911a9d3c9baa3","Plumber | Bathroom remodeler","plumbing","","Closed","8 a.m.–5 p.m.","8 a.m.–5 p.m.","8 a.m.–5 p.m.","8 a.m.–5 p.m.","8 a.m.–5 p.m.","Closed","true","","https://facebook.com/FyfePlumbing","","","","","","","","","Fyfe Plumbing","","info@fyfeplumbing.ca","bfplumbing2@gmail.com","","","","","","","","+1 613 219 7574","","","","",""
"0x4cce0f027bcc2197:0xe36a23716d67a973","Superior Plumbing & Heating of Ottawa","2479 Stevenage Dr Unit 101, Ottawa, ON K1G 3W3","2479 Stevenage Dr Unit 101","Ottawa","ON","K1G 3W3","Canada","45.382129899999995","-75.6041","18","5","+16138016228","America/Toronto","https://superiorplumbing.ca/ottawa/?utm_source=gmb&utm_medium=organic&utm_campaign=gmb","ChIJlyHMewIPzkwRc6lnbXEjauM","https://www.google.com/maps/place/data=!3m1!4b1!4m2!3m1!1s0x4cce0f027bcc2197:0xe36a23716d67a973","Plumber | Air conditioning repair service | Boiler supplier | Drainage service | Furnace repair service | HVAC contractor | Septic system service | Water purification company | Water softening equipment supplier | Well drilling contractor","wholesale, plumbing, hvac, construction, septic, water-treatment","","Open 24 hours","Open 24 hours","Open 24 hours","Open 24 hours","Open 24 hours","Open 24 hours","Open 24 hours","true","","https://www.facebook.com/SuperiorPlumbingHeating","https://www.instagram.com/superior_plumbingheating","https://www.tiktok.com/@superiorplumbingteam","","https://twitter.com/superior_ph","https://www.linkedin.com/company/superior-plumbing-and-heating","","https://www.youtube.com/channel/UC75J8nEDVrz7BhGuJirYq0w","https://pinterest.com/superiorplumbingandheating","Looking for a plumber near me? | Superior Plumbing & Heating","Superior Plumbing & Heating provides residential and commercial plumbing, drain, and heating services across Ontario. Licensed local plumbers. Fast, clean, and reliable.","info@superiorplumbing.ca","476-8304emailinfo@superiorplumbing.ca","","","","","","","","8669322818","7147448045","+1 866 932 2818","+1 587 619 7401","+1 647 476 8304",""
"0x4cce0fa1359a1adf:0x9a0e0b5e349f25cb","TPH Plumbing & Heating Inc","1580 Michael St, Ottawa, ON K1B 3T7","1580 Michael St","Ottawa","ON","K1B 3T7","Canada","45.410809699999994","-75.62622089999999","38","4","+16137450100","America/Toronto","https://tphinc.ca/","ChIJ3xqaNaEPzkwRyyWfNF4LDpo","https://www.google.com/maps/place/data=!3m1!4b1!4m2!3m1!1s0x4cce0fa1359a1adf:0x9a0e0b5e349f25cb","Plumber | Heating contractor | Mechanical contractor","plumbing, hvac, construction","","Open 24 hours","Open 24 hours","Open 24 hours","Open 24 hours","Open 24 hours","Open 24 hours","Open 24 hours","true","","https://www.facebook.com/pages","","","","","https://linkedin.com/company/tphinc","","","","TPH Plumbing & Heating | Ottawa's Best-in-class Commercial, Industrial, and Institutional Plumbing and Mechanical Services","We specialize in piping systems—plumbing, gas, hydronics, and medical—and partner with three major Ottawa industry leaders to provide complete mechanical solutions, including HVAC, controls, and insulation.","tph@tphinc.ca","estimating@tphinc.ca","","","","","","","","+1 613 745 0100","","","","",""
"0x4cce073bd41aa349:0x75bd93af69aed757","Francis Plumbing Heating & Cooling","894 Boyd Ave, Ottawa, ON K2A 2E3","894 Boyd Ave","Ottawa","ON","K2A 2E3","Canada","45.375049","-75.7505209","1514","4.8","+16139007090","America/Toronto","http://www.francisplumbing.com/","ChIJSaMa1DsHzkwRV9euaa-TvXU","https://www.google.com/maps/place/data=!3m1!4b1!4m2!3m1!1s0x4cce073bd41aa349:0x75bd93af69aed757","Plumber | Air conditioning repair service | Air duct cleaning service | Boiler supplier | Drainage service | Furnace repair service | Heating contractor | Hot water system supplier | HVAC contractor | Air conditioning contractor","wholesale, plumbing, hvac, cleaning, construction","","Open 24 hours","Open 24 hours","Open 24 hours","Open 24 hours","Open 24 hours","Open 24 hours","Open 24 hours","true","","https://www.facebook.com/FrancisPlumbing1933","https://www.instagram.com/francis_plumbing_heating_hvac","","","","https://linkedin.com/company/d","","https://www.youtube.com/@FrancisPlumbing","","Ottawa HVAC repair & Installation | Furnace, Air-Conditioning, Plumbing & Heat Pump Experts","Francis Plumbing Heating & Cooling provides HVAC, air-conditioning, plumbing, furnace, boilers, water heater & heat pump repair, installation & maintenance services in Ottawa and nearby areas. Count on us for emergency after-hours HVAC and Plumbing services in Ottawa. Contact Now!","ianh@francisplumbing.com","marketing@francisplumbing.com","marketing@francisplumbing.comphone","","","","","","","+1 613 224 0041","","","","",""
"0x4cce076502c14f9d:0x5a8c5c055176abfb","Its Plumbing","1680 Woodward Dr Unit 206, Ottawa, ON K2C 2B5","1680 Woodward Dr Unit 206","Ottawa","ON","K2C 2B5","Canada","45.373138399999995","-75.7487701","79","4.9","+13435001109","America/Toronto","http://www.itsplumbing.ca/","ChIJnU_BAmUHzkwR-6t2UQVcjFo","https://www.google.com/maps/place/data=!3m1!4b1!4m2!3m1!1s0x4cce076502c14f9d:0x5a8c5c055176abfb","Plumber | HVAC contractor","plumbing, hvac, construction","","Open 24 hours","Open 24 hours","Open 24 hours","Open 24 hours","Open 24 hours","Open 24 hours","Open 24 hours","true","","https://www.facebook.com/itsplumbing.ca","","","","","https://www.linkedin.com/company/itsplumbing","","","","It's Plumbing | Our 5-Star Plumbing Services","We understand that plumbing issues can be stressful and disruptive. With our 5-Star Plumbing Service, you can rest assured that your home or business will be in good hands!","info@itsplumbing.ca","","","","","","","","","+1 343 500 1109","","","","",""
"0x4cce0f634758f6bf:0x4083ec63f287e41c","ComfortWay HVAC & Plumbing","737 Fairdale Ave, Ottawa, ON K1G 1X6","737 Fairdale Ave","Ottawa","ON","K1G 1X6","Canada","45.3954832","-75.63596249999999","63","5","+13435582496","America/Toronto","https://comfortway.ca/","ChIJv_ZYR2MPzkwRHOSH8mPsg0A","https://www.google.com/maps/place/data=!3m1!4b1!4m2!3m1!1s0x4cce0f634758f6bf:0x4083ec63f287e41c","Plumber | Air conditioning contractor | Air conditioning repair service | Furnace repair service | Heating contractor | HVAC contractor","plumbing, hvac, construction","","Closed","8 a.m.–5 p.m.","8 a.m.–5 p.m.","8 a.m.–5 p.m.","8 a.m.–5 p.m.","8 a.m.–5 p.m.","Closed","true","","https://www.facebook.com/ComfortWayHVACandPlumbing","","","","","","","","","ComfortWay HVAC & Plumbing | Trusted Home Comfort Experts in Ottawa","Ottawa HVAC and Plumbing Experts specializing in Furnaces, Boilers, Heat pumps,Tankless water heaters, and AC systems.","comfort.way@hotmail.com","","","","","","","","","+1 343 558 2496","","","","",""
"0x4cce0133d7899e71:0xc623d6b15fdce6a","Environmental Plumbing","","","","","","Canada","45.2482659","-75.8002569","472","4.8","+16135195931","America/Toronto","https://environmentalplumbing.ca/?utm_campaign=gmb","ChIJcZ6J1zMBzkwRas79FWs9Ygw","https://www.google.com/maps/place/data=!3m1!4b1!4m2!3m1!1s0x4cce0133d7899e71:0xc623d6b15fdce6a","Plumber | Drainage service | Service establishment | Repair Service","plumbing","","Open 24 hours","Open 24 hours","Open 24 hours","Open 24 hours","Open 24 hours","Open 24 hours","Open 24 hours","true","","https://www.facebook.com/environmentalplumbingottawa","https://www.instagram.com/environmentalplumbing","","","","","","https://www.youtube.com/@EnvironmentalPlumbingCanada","","Ottawa Plumbing and Drain Cleaning - Same-Day Plumbers With Environmental Plumbing and Drains","Environmental Plumbing and Drains Ottawa is a Plumbing company setup by expert Gary Greco. Over 35 years of local experience, we offer expert drain cleaning, plumbing services in Nepean, Barrhaven, Kanata and Ontario West.","","","","","","","","","","","","","","",""
"0x4cce05abfa69ceb3:0xa3afd7224b5fb9b1","United Association Plumbers & Pipefitters Union","Kenson Building, 225 Metcalfe St, Ottawa, ON K2P 0G3","Kenson Building, 225 Metcalfe St","Ottawa","ON","K2P 0G3","Canada","45.4175782","-75.6925235","","","+16135651100","America/Toronto","https://ualocal71.com/","ChIJs85p-qsFzkwRsblfSyLXr6M","https://www.google.com/maps/place/data=!3m1!4b1!4m2!3m1!1s0x4cce05abfa69ceb3:0xa3afd7224b5fb9b1","Labor union","association","","","","","","","","","false","","https://www.facebook.com/ualocal71","","","","","","","","","United Association (UA) Local 71 Ottawa-Gatineau-Cornwall - Plumbers, Pipefitters/Steamfitters & Welders","The United Association of Journeymen and Apprentices of the Plumbing and Pipe Fitting Industry of the United States and Canada UA Local 71 is a multi-craft union whose members are engaged in the fabrication, installation and servicing of piping systems. We are Plumbers, Pipefitters/Steamfitters, and Welders.","office@ualocal71.com","gatineau@ualocal71.com","","","","","","","","+1 613 728 5583","+1 613 932 6132","+1 866 534 8858","+1 819 246 1776","+1 613 728 7242","+1 613 932 8012"
"0x4cce064659474dd5:0x3ce9836d431cb353","DH Plumbing & Heating","275 Stroget Private, Ottawa, ON K2E 0A9","275 Stroget Private","Ottawa","ON","K2E 0A9","Canada","45.3493377","-75.7082327","114","4.9","+16132828094","America/Toronto","https://www.dhplumbing.ca/","ChIJ1U1HWUYGzkwRU7McQ22D6Tw","https://www.google.com/maps/place/data=!3m1!4b1!4m2!3m1!1s0x4cce064659474dd5:0x3ce9836d431cb353","Plumber | Boiler supplier | Drainage service | Gas installation service | Heating contractor | Hot water system supplier | HVAC contractor | Pipe supplier | Pump supplier | Water treatment supplier","wholesale, plumbing, hvac, construction","","Open 24 hours","Open 24 hours","Open 24 hours","Open 24 hours","Open 24 hours","Open 24 hours","Open 24 hours","true","","https://www.facebook.com/dhplumbingottawa","https://www.instagram.com/dh_plumbing_ottawa","","","","","","","","DH Plumbing & Heating | 24/7 Emergency Plumber Ottawa, Nepean & Kanata","DH Plumbing & Heating offers 24/7 emergency plumbing, drain cleaning, and water heater services across Ottawa, Nepean, and Kanata. We provide transparent pricing and licensed plumbers. Visit our blog for tips or submit your service request via our custom form.","dhall@dhplumbing.ca","touchdhall@dhplumbing.ca","dhall@dhplumbing.caretentionwe","dhall@dhplumbing.ca.carriers","dhall@dhplumbing.ca.updates","dhall@dhplumbing.ca.privacy","service.dhall@dhplumbing.ca","","","+1 613 282 8094","","","","",""
"0x4cce01cedd60f4c5:0x72051820377dbd9c","Out Of This World Plumbing Ottawa","14 Bexley Pl #102, Nepean, ON K2H 8W2","14 Bexley Pl #102","Nepean","ON","K2H 8W2","Canada","45.3300196","-75.8195329","1189","4.8","+16135193602","America/Toronto","https://www.outofthisworldhomeservices.com/nepean-plumber/?utm_source=google&utm_medium=gmb&utm_campaign=GMB%20Nepean","ChIJxfRg3c4BzkwRnL19NyAYBXI","https://www.google.com/maps/place/data=!3m1!4b1!4m2!3m1!1s0x4cce01cedd60f4c5:0x72051820377dbd9c","Plumber | Bathroom remodeler | Drainage service | Hot water system supplier | Water purification company | Water softening equipment supplier | Water testing service | Water treatment supplier","wholesale, plumbing","","Open 24 hours","Open 24 hours","Open 24 hours","Open 24 hours","Open 24 hours","Open 24 hours","Open 24 hours","true","","","","","","","","","","","","","","","","","","","","","","","","","","",""
"0x4cce0f05188d1c23:0x8c5207e82a9d16d5","Drain-Away Inc, plumbing & Drain Svc","2584 Edinburgh Pl, Ottawa, ON K1B 5M1","2584 Edinburgh Pl","Ottawa","ON","K1B 5M1","Canada","45.4032306","-75.61338169999999","53","4.8","+16137470187","America/Toronto","http://www.drainaway.ca/","ChIJIxyNGAUPzkwR1RadKugHUow","https://www.google.com/maps/place/data=!3m1!4b1!4m2!3m1!1s0x4cce0f05188d1c23:0x8c5207e82a9d16d5","Plumber","plumbing","","Closed","8 a.m.–4:30 p.m.","8 a.m.–4:30 p.m.","8 a.m.–4:30 p.m.","8 a.m.–4:30 p.m.","8 a.m.–4:30 p.m.","Closed","true","","","","","","","","","","","Drain-Away Inc. | Ottawa & Surrounding Plumbing Services","Providing plumbing services for over 20 years in Ottawa and surrounding areas. Our professional team is trained to handle any of your plumbing needs","info@drainaway.ca","","","","","","","","","+1 613 747 0187","+1 613 325 9872","","","",""
"0x4cce05cc141d6573:0xb58e5ae393d98bf5","One Fast Plumber","294 Albert St, Ottawa, ON K1P 6E6","294 Albert St","Ottawa","ON","K1P 6E6","Canada","45.418935399999995","-75.7021201","","","+18885096890","America/Toronto","https://onefastplumber.shop/","ChIJc2UdFMwFzkwR9YvZk-NajrU","https://www.google.com/maps/place/data=!3m1!4b1!4m2!3m1!1s0x4cce05cc141d6573:0xb58e5ae393d98bf5","Plumber","plumbing","","Open 24 hours","Open 24 hours","Open 24 hours","Open 24 hours","Open 24 hours","Open 24 hours","Open 24 hours","true","","","","","","","","","","","Plumbing in Ottawa near me - Emergency, Drain Cleaning, Toilet Repair","Ottawa plumbing near me, (888) 509-6890, serving K1P 6E6","","","","","","","","","","+1 888 509 6890","","","","",""
"0x4cce0f5fa9055555:0x4ead9bee04c1d8a0","City Wide Electrical & Plumbing","1956 Ronald Ave, Ottawa, ON K1H 5H9","1956 Ronald Ave","Ottawa","ON","K1H 5H9","Canada","45.3957972","-75.655554","","","","America/Toronto","","ChIJVVUFqV8PzkwRoNjBBO6brU4","https://www.google.com/maps/place/data=!3m1!4b1!4m2!3m1!1s0x4cce0f5fa9055555:0x4ead9bee04c1d8a0","Plumber","plumbing, electrical","","","","","","","","","false","","","","","","","","","","","","","","","","","","","","","","","","","","",""
"0x4cce074a12adf0d1:0x802ee94ea11e9d5a","PenTech Plumbing & Mechanical","900 Lady Ellen Pl, Ottawa, ON K1Z 5L5","900 Lady Ellen Pl","Ottawa","ON","K1Z 5L5","Canada","45.3784072","-75.74253159999999","126","4.9","+16138042544","America/Toronto","https://pentechplumbing.com/","ChIJ0fCtEkoHzkwRWp0eoU7pLoA","https://www.google.com/maps/place/data=!3m1!4b1!4m2!3m1!1s0x4cce074a12adf0d1:0x802ee94ea11e9d5a","Plumber","plumbing","","Open 24 hours","Open 24 hours","Open 24 hours","Open 24 hours","Open 24 hours","Open 24 hours","Open 24 hours","true","","https://www.facebook.com/Pentechplumbing","","","","","","","","","247 Plumber | Emergency Plumbing Services in Ottawa, ON -","Call us today for Emergency Plumbing Services! 247 Plumber Available Now! Fast & Efficient Service Qualified Team Dependable Warranties","service@pentechplumbing.com","usservice@pentechplumbing.com","","","","","","","","+1 613 804 2544","","","","",""
"0xd2a4840f5087883:0x8261c4984d1152b5","Foster & Co Plumbing","","","","","","Canada","45.2482659","-75.8002569","2","5","+13432241044","America/Toronto","https://fosterplumbing.ca/","ChIJg3gI9UBIKg0RtVIRTZjEYYI","https://www.google.com/maps/place/data=!3m1!4b1!4m2!3m1!1s0xd2a4840f5087883:0x8261c4984d1152b5","Plumber | Service establishment","plumbing","","Open 24 hours","Open 24 hours","Open 24 hours","Open 24 hours","Open 24 hours","Open 24 hours","Open 24 hours","true","","","","","","","","","","","","","","","","","","","","","","","","","","",""
"0x4cce07936f08dfab:0x74a80875aff3c86d","John The Plumber","15 Grenfell Crescent, Nepean, ON K2G 0G3","15 Grenfell Crescent","Nepean","ON","K2G 0G3","Canada","45.3242763","-75.72178559999999","444","4.8","+16137043994","America/Toronto","https://www.johntheplumber.ca/nepean","ChIJq98Ib5MHzkwRbcjzr3UIqHQ","https://www.google.com/maps/place/data=!3m1!4b1!4m2!3m1!1s0x4cce07936f08dfab:0x74a80875aff3c86d","Plumber | Drainage service | Heating contractor | HVAC contractor","plumbing, hvac, construction","","7:30 a.m.–11 p.m.","7:30 a.m.–11 p.m.","7:30 a.m.–11 p.m.","7:30 a.m.–11 p.m.","7:30 a.m.–11 p.m.","7:30 a.m.–11 p.m.","7:30 a.m.–11 p.m.","true","","https://www.facebook.com/JohnThePlumberOttawa","https://www.instagram.com/johntheplumberbarrhaven","https://www.tiktok.com/@johntheplumbercanada","","https://twitter.com/jtpottawa","https://www.linkedin.com/company/john-the-plumber-ottawa","","https://www.youtube.com/@JohnThePlumber","","Fast, Award-Winning Plumbing & Drain Services – Same-Day Solutions","Call Ottawa's John The Plumber with any plumbing, drain, water heater, or furnace challenge - big or small, day or night","john@johntheplumber.ca","debbie@johntheplumber.ca","sherri.a@johntheplumber.ca","logan.vancingel@unb.ca","sseevvaagg@hotmail.com","protectiveplumbing@ottawa.ca","mtenute@gmail.com","mukaley83@gmail.com","alphonse.ndimbani@gmail.com","2896443856","9056450467","2894831367","6478126108","6132277465","26132277465"
"0x4cce01684eea9801:0xc4c907092e59c58a","Lister Plumbing - Ottawa","14 Hobbs Ave, Ottawa, ON K2H 6W9","14 Hobbs Ave","Ottawa","ON","K2H 6W9","Canada","45.343828699999996","-75.79969179999999","62","4.8","+16135582326","America/Toronto","https://www.lister-plumbing.com/","ChIJAZjqTmgBzkwRisVZLgkHycQ","https://www.google.com/maps/place/data=!3m1!4b1!4m2!3m1!1s0x4cce01684eea9801:0xc4c907092e59c58a","Plumber","plumbing","","Open 24 hours","Open 24 hours","Open 24 hours","Open 24 hours","Open 24 hours","Open 24 hours","Open 24 hours","true","","https://www.facebook.com/people","","","","","","","","","Ottawa Plumber | Lister Plumbing","Lister Plumbing provides reliable plumbing services in Ottawa, including repairs, installations, drain cleaning, and emergency plumbing for homes and businesses.","listerplumbing@hotmail.com","li************@*****il.com","","","","","","","","+1 613 558 2326","","","","",""
"0x4ccdfe1dd536e839:0x415fb57fecdcaf5d","Safari Plumbing Ltd.","1902 Robertson Rd #202h, Ottawa, ON K2H 5B8","1902 Robertson Rd #202h","Ottawa","ON","K2H 5B8","Canada","45.3260845","-75.82175289999999","409","4.6","+16132246335","America/Toronto","https://www.safariplumbing.ca/","ChIJOeg21R3-zUwRXa_c7H-1X0E","https://www.google.com/maps/place/data=!3m1!4b1!4m2!3m1!1s0x4ccdfe1dd536e839:0x415fb57fecdcaf5d","Plumber | Bathroom remodeler | Drainage service","plumbing","","Closed","7 a.m.–9 p.m.","7 a.m.–9 p.m.","7 a.m.–9 p.m.","7 a.m.–9 p.m.","7 a.m.–9 p.m.","7 a.m.–9 p.m.","true","","https://www.facebook.com/SafariPlumbing","","","","","","","","","Ottawa Plumbers | Safari Plumbing - Licensed & Insured Since 2006","Ottawa's trusted plumbers since 2006. Licensed, insured, and BBB A+ rated. Same-day service for repairs, drain cleaning, water heaters & emergencies.","","","","","","","","","","+1 613 224 6335","+1 613 707 5466","","","",""
"0x880318e7896f0705:0xdf32bcc2aebaea13","MAYA Plumbing","","","","","","Canada","45.2482659","-75.8002569","51","5","+13433146292","America/Toronto","http://mayaplumbing.ca/","ChIJBQdviecYA4gRE-q6rsK8Mt8","https://www.google.com/maps/place/data=!3m1!4b1!4m2!3m1!1s0x880318e7896f0705:0xdf32bcc2aebaea13","Plumber | Service establishment","plumbing","","Open 24 hours","Open 24 hours","Open 24 hours","Open 24 hours","Open 24 hours","Open 24 hours","Open 24 hours","true","","","","","","","","","","","Emergency Plumber Ottawa | 24/7 | Maya Plumbing ⭐ 52 Reviews","24/7 emergency plumber in Ottawa. Licensed & insured with 52 five-star reviews. Fast response to leaks, clogs & burst pipes. Call (343 314-6292) now!","info@mayaplumbing.ca","info@mayaplumbing.com","","","","","","","","+1 343 314 6292","","","","",""
"0x4cce1af069e73c83:0xfc8391be115bcb80","PLOMBERIE PRO SERVICE","229 Rue Cedar, Gatineau, Quebec J8P 5E9","229 Rue Cedar","Gatineau","Quebec","J8P 5E9","Canada","45.4852236","-75.6493796","262","4.7","+18196436014","America/Toronto","http://www.plomberieproservice.ca/","ChIJgzznafAazkwRgMtbEb6Rg_w","https://www.google.com/maps/place/data=!3m1!4b1!4m2!3m1!1s0x4cce1af069e73c83:0xfc8391be115bcb80","Plumber","plumbing","","8 a.m.–9 p.m.","7:30 a.m.–9 p.m.","7:30 a.m.–9 p.m.","7:30 a.m.–9 p.m.","7:30 a.m.–9 p.m.","7:30 a.m.–9 p.m.","8 a.m.–9 p.m.","true","","","","","","","","","","","","","","","","","","","","","","","","","","",""
"0x4cce0fbbd62fc5fb:0x9362dee923249ea2","Candor Plumbing & Heating","1314 Aurele St, Gloucester, ON K1B 3L3","1314 Aurele St","Gloucester","ON","K1B 3L3","Canada","45.4280221","-75.60993669999999","30","4.1","+16137444369","America/Toronto","https://www.candorplumbing.com/","ChIJ-8Uv1rsPzkwRop4kI-neYpM","https://www.google.com/maps/place/data=!3m1!4b1!4m2!3m1!1s0x4cce0fbbd62fc5fb:0x9362dee923249ea2","Plumber","plumbing, hvac","","Closed","8 a.m.–4 p.m.","8 a.m.–4 p.m.","8 a.m.–4 p.m.","8 a.m.–4 p.m.","8 a.m.–4 p.m.","Closed","true","","","","","","","","","","","Candor Plumbing & Heating Ltd.","Over 30 years serving the greater Ottawa area 613-744-4369  Candor@rogers.com   Candor Plumbing and Heating Ltd.   Learn More","candor@rogers.com","","","","","","","","","+1 613 744 4369","","","","",""
"0x4cce0f8f0ac55837:0xb71bd5e514b4646","The Electrical & Plumbing Store","1080 Ogilvie Rd, Gloucester, ON K1J 7P8","1080 Ogilvie Rd","Gloucester","ON","K1J 7P8","Canada","45.4252099","-75.63340649999999","186","4.4","+16137412116","America/Toronto","http://www.epstore.com/","ChIJN1jFCo8PzkwRRkZLUV69cQs","https://www.google.com/maps/place/data=!3m1!4b1!4m2!3m1!1s0x4cce0f8f0ac55837:0xb71bd5e514b4646","Lighting store | Bathroom remodeler","retail, department-store, plumbing, electrical, lighting-store","","Closed","8 a.m.–5 p.m.","8 a.m.–5 p.m.","8 a.m.–5 p.m.","8 a.m.–5 p.m.","8 a.m.–5 p.m.","9 a.m.–5 p.m.","true","","","","","","","","","","","","","","","","","","","","","","","","","","",""
"0x4cce0743c26da401:0xa03811dcb2f5de46","Environmental Plumbing","15 Capella Ct #109, Ottawa, ON K2E 7X1","15 Capella Ct #109","Ottawa","ON","K2E 7X1","Canada","45.3323208","-75.7060549","97","4.9","+16135195931","America/Toronto","https://environmentalplumbing.ca/nepean?utm_campaign=gmb","ChIJAaRtwkMHzkwRRt71stwROKA","https://www.google.com/maps/place/data=!3m1!4b1!4m2!3m1!1s0x4cce0743c26da401:0xa03811dcb2f5de46","Plumber | Drainage service","plumbing","","Open 24 hours","Open 24 hours","Open 24 hours","Open 24 hours","Open 24 hours","Open 24 hours","Open 24 hours","true","","https://www.facebook.com/environmentalplumbingottawa","https://www.instagram.com/environmentalplumbing","","","","","","https://www.youtube.com/@EnvironmentalPlumbingCanada","","Ottawa Plumbing and Drain Cleaning - Same-Day Plumbers With Environmental Plumbing and Drains","Environmental Plumbing and Drains Ottawa is a Plumbing company setup by expert Gary Greco. Over 35 years of local experience, we offer expert drain cleaning, plumbing services in Nepean, Barrhaven, Kanata and Ontario West.","","","","","","","","","","","","","","",""
"0x849c670edff52b23:0x27bf49c68b2eab74","B&W Plumbing","50 Cleopatra Dr, Ottawa, ON K2G 0B3","50 Cleopatra Dr","Ottawa","ON","K2G 0B3","Canada","45.3251938","-75.72495529999999","206","5","+16138801276","America/Toronto","https://www.bandwplumbing.ca/","ChIJIyv13w5nnIQRdKsui8ZJvyc","https://www.google.com/maps/place/data=!3m1!4b1!4m2!3m1!1s0x849c670edff52b23:0x27bf49c68b2eab74","Plumber","plumbing","","Open 24 hours","Open 24 hours","Open 24 hours","Open 24 hours","Open 24 hours","Open 24 hours","Open 24 hours","true","","https://www.facebook.com/people","","","","","","","","","Trusted Plumbers for Repairs and Installs in Ottawa, ON","B&W Plumbing provides reliable plumbing solutions for homes and businesses in Ottawa, ON, and surrounding areas. Contact our team for expert assistance.","office@bandwplumbing.ca","office@bandwplumbing.cafollow","office@bandwplumbing.cahours","","","","","","","+1 613 880 1276","","","","",""
"0x4cce05405446f113:0xf99fc9334581b7dc","Interprovincial Plumbing & Heating Ltd","315 Montfort St., Vanier, ON K1L 5N5","315 Montfort St.","Vanier","ON","K1L 5N5","Canada","45.439025","-75.658632","1","5","+16137497873","America/Toronto","","ChIJE_FGVEAFzkwR3LeBRTPJn_k","https://www.google.com/maps/place/data=!3m1!4b1!4m2!3m1!1s0x4cce05405446f113:0xf99fc9334581b7dc","Plumber","plumbing, hvac","","Open 24 hours","Open 24 hours","Open 24 hours","Open 24 hours","Open 24 hours","Open 24 hours","Open 24 hours","true","","","","","","","","","","","","","","","","","","","","","","","","","","",""
"0x4cce08c1286abbbb:0x91573f17ef4676e","Penta Plumbing Ltd.","35 Auriga Dr #113, Ottawa, ON K2E 8B7","35 Auriga Dr #113","Ottawa","ON","K2E 8B7","Canada","45.3309279","-75.70421209999999","50","4.8","+16133554264","America/Toronto","http://www.pentaplumbing.ca/","ChIJu7tqKMEIzkwRbmf0fvFzFQk","https://www.google.com/maps/place/data=!3m1!4b1!4m2!3m1!1s0x4cce08c1286abbbb:0x91573f17ef4676e","Plumber","plumbing","","Closed","8 a.m.–4 p.m.","8 a.m.–4 p.m.","8 a.m.–4 p.m.","8 a.m.–4 p.m.","8 a.m.–4 p.m.","Closed","true","","https://www.facebook.com/p","https://www.instagram.com/pentaplumbing","","","https://x.com/PentaPlumbing","","","","","Ottawa Residential & Commercial Plumbers | Penta Plumbing Ltd.","Penta Plumbing offers reliable and professional plumbing services in Ottawa since 2011. Contact us for all your plumbing needs.","info@pentaplumbing.ca","","","","","","","","","+1 613 355 4264","","","","",""
"0x4cce01dee92b3753:0x62ad8c77739f5fa7","John The Plumber","2688 Conn St, Ottawa, ON K2B 7C7","2688 Conn St","Ottawa","ON","K2B 7C7","Canada","45.363487299999996","-75.7931189","383","4.9","+16137044552","America/Toronto","https://johntheplumber.ca/ottawa-west/","ChIJUzcr6d4BzkwRp1-fc3eMrWI","https://www.google.com/maps/place/data=!3m1!4b1!4m2!3m1!1s0x4cce01dee92b3753:0x62ad8c77739f5fa7","Plumber | Drainage service | HVAC contractor","plumbing, hvac, construction","","Open 24 hours","Open 24 hours","Open 24 hours","Open 24 hours","Open 24 hours","Open 24 hours","Open 24 hours","true","","https://www.facebook.com/JohnThePlumberOttawa","https://www.instagram.com/johntheplumberbarrhaven","https://www.tiktok.com/@johntheplumbercanada","","https://twitter.com/jtpottawa","https://www.linkedin.com/company/john-the-plumber-ottawa","","https://www.youtube.com/@JohnThePlumber","","Fast, Award-Winning Plumbing & Drain Services – Same-Day Solutions","Call Ottawa's John The Plumber with any plumbing, drain, water heater, or furnace challenge - big or small, day or night","john@johntheplumber.ca","debbie@johntheplumber.ca","sherri.a@johntheplumber.ca","logan.vancingel@unb.ca","sseevvaagg@hotmail.com","protectiveplumbing@ottawa.ca","mtenute@gmail.com","mukaley83@gmail.com","alphonse.ndimbani@gmail.com","2896443856","9056450467","2894831367","6478126108","6132277465","26132277465"
"0x4cce05c0290af459:0x354b6aaf67b4d670","Topline Drain & Plumbing Ottawa","1306 Wellington St. W Ste 202, Ottawa, ON K1Y 3B2","1306 Wellington St. W Ste 202","Ottawa","ON","K1Y 3B2","Canada","45.3986222","-75.7362196","6","5","+16138015407","America/Toronto","https://drainplumbingottawa.ca/?utm_source=gmb&utm_medium=organic&utm_campaign=gmb","ChIJWfQKKcAFzkwRcNa0Z69qSzU","https://www.google.com/maps/place/data=!3m1!4b1!4m2!3m1!1s0x4cce05c0290af459:0x354b6aaf67b4d670","Plumber | Drainage service | Septic system service | Well drilling contractor","plumbing, construction, septic, water-treatment","","Open 24 hours","Open 24 hours","Open 24 hours","Open 24 hours","Open 24 hours","Open 24 hours","Open 24 hours","true","","","","","","","","","","","Plumber Ottawa | 24/7, Same-Day Service, Licensed & Insured","Plumber in Ottawa — available 24/7 with same-day service, licensed & insured, and all work guaranteed. Call 613-801-5407 to book your local plumber today.","","","","","","","","","","+1 613 801 5407","","","","",""
"0x4cce0f9f6ea4e645:0xe726afbb310d0937","Boone Plumbing and Heating Supply Inc.","1282 Algoma Rd, Gloucester, ON K1B 3W7","1282 Algoma Rd","Gloucester","ON","K1B 3W7","Canada","45.416649799999995","-75.6179587","150","4.1","+16137467070","America/Toronto","http://www.boone.ca/","ChIJReakbp8PzkwRNwkNMbuvJuc","https://www.google.com/maps/place/data=!3m1!4b1!4m2!3m1!1s0x4cce0f9f6ea4e645:0xe726afbb310d0937","Plumbing supply store","retail, department-store, plumbing, hvac, plumbing-supply","","Closed","6:30 a.m.–5 p.m.","6:30 a.m.–5 p.m.","6:30 a.m.–5 p.m.","6:30 a.m.–5 p.m.","6:30 a.m.–5 p.m.","Closed","true","","","","","","","","","","","","","","","","","","","","","","","","","","",""
"0x4cce1bd26b87ec8d:0xc641639c7ea7d498","Superior Plumbing & Heating of Gatineau","365 Bd Gréber #103, Gatineau, Quebec J8Z 2J8","365 Bd Gréber #103","Gatineau","Quebec","J8Z 2J8","Canada","45.480522199999996","-75.7007328","69","4.6","+18198093631","America/Toronto","https://superiorplumbing.ca/gatineau/?utm_source=gmb&utm_medium=organic&utm_campaign=gmb","ChIJjeyHa9IbzkwRmNSnfpxjQcY","https://www.google.com/maps/place/data=!3m1!4b1!4m2!3m1!1s0x4cce1bd26b87ec8d:0xc641639c7ea7d498","Plumber | Air conditioning repair service | Boiler supplier | Drainage service | Furnace repair service | HVAC contractor | Septic system service | Water purification company | Water softening equipment supplier | Well drilling contractor","wholesale, plumbing, hvac, construction, septic, water-treatment","","Open 24 hours","Open 24 hours","Open 24 hours","Open 24 hours","Open 24 hours","Open 24 hours","Open 24 hours","true","","https://www.facebook.com/SuperiorPlumbingHeating","https://www.instagram.com/superior_plumbingheating","https://www.tiktok.com/@superiorplumbingteam","","https://twitter.com/superior_ph","https://www.linkedin.com/company/superior-plumbing-and-heating","","https://www.youtube.com/channel/UC75J8nEDVrz7BhGuJirYq0w","https://pinterest.com/superiorplumbingandheating","Looking for a plumber near me? | Superior Plumbing & Heating","Superior Plumbing & Heating provides residential and commercial plumbing, drain, and heating services across Ontario. Licensed local plumbers. Fast, clean, and reliable.","info@superiorplumbing.ca","476-8304emailinfo@superiorplumbing.ca","","","","","","","","8669322818","7147448045","+1 866 932 2818","+1 587 619 7401","+1 647 476 8304",""
"0x4cce055e12289793:0x5b1458c433ac8792","Offset Plumbing","461 Guy St, Ottawa, ON K1K 1C1","461 Guy St","Ottawa","ON","K1K 1C1","Canada","45.4339671","-75.647499","4","5","+16137039749","America/Toronto","https://offsetplumbing.ca/","ChIJk5coEl4FzkwRkoesM8RYFFs","https://www.google.com/maps/place/data=!3m1!4b1!4m2!3m1!1s0x4cce055e12289793:0x5b1458c433ac8792","Plumber","plumbing","","Open 24 hours","Open 24 hours","Open 24 hours","Open 24 hours","Open 24 hours","Open 24 hours","Open 24 hours","true","","https://www.facebook.com/profile.php","https://www.instagram.com/offset.plumbing","","","","","","","","Offset Plumbing: Ottawa's most dependable plumbing service.","Ottawa's Most Dependable Plumbing Service. 24/7 emergency service. Contact Offset Plumbing today!","services@offsetplumbing.ca","emailservices@offsetplumbing.ca","","","","","","","","+1 613 703 9749","","","","",""
"0x4cce05da83747bfb:0x3c7579ed5df2163a","MJ XPress Plumbing","Montfort St., Ottawa, ON K1L 8G8","Montfort St.","Ottawa","ON","K1L 8G8","Canada","45.4399246","-75.6542376","2","5","+13435723726","America/Toronto","","ChIJ-3t0g9oFzkwROhbyXe15dTw","https://www.google.com/maps/place/data=!3m1!4b1!4m2!3m1!1s0x4cce05da83747bfb:0x3c7579ed5df2163a","Plumber | Asbestos testing service | Building restoration service | Electrician | Fire damage restoration service | Handyman/Handywoman/Handyperson | Property maintenance | Repair Service | Water damage restoration service","plumbing, electrical, handyman, restoration","","Open 24 hours","Open 24 hours","Open 24 hours","Open 24 hours","Open 24 hours","Open 24 hours","Open 24 hours","false","","","","","","","","","","","","","","","","","","","","","","","","","","",""
"0x4ccdfce1c2fe69d5:0x264947261bf223b9","John The Plumber","18 Montana Way, Nepean, ON K2J 4M5","18 Montana Way","Nepean","ON","K2J 4M5","Canada","45.2933136","-75.7376871","439","4.9","+16139096087","America/Toronto","http://www.johntheplumber.ca/barrhaven","ChIJ1Wn-wuH8zUwRuSPyGyZHSSY","https://www.google.com/maps/place/data=!3m1!4b1!4m2!3m1!1s0x4ccdfce1c2fe69d5:0x264947261bf223b9","Plumber | Drainage service | HVAC contractor","plumbing, hvac, construction","","7:30 a.m.–11:30 p.m.","7:30 a.m.–11:30 p.m.","7:30 a.m.–11:30 p.m.","7:30 a.m.–11:30 p.m.","7:30 a.m.–11:30 p.m.","7:30 a.m.–11:30 p.m.","7:30 a.m.–11:30 p.m.","true","","https://www.facebook.com/JohnThePlumberOttawa","https://www.instagram.com/johntheplumberbarrhaven","https://www.tiktok.com/@johntheplumbercanada","","https://twitter.com/jtpottawa","https://www.linkedin.com/company/john-the-plumber-ottawa","","https://www.youtube.com/@JohnThePlumber","","Fast, Award-Winning Plumbing & Drain Services – Same-Day Solutions","Call Ottawa's John The Plumber with any plumbing, drain, water heater, or furnace challenge - big or small, day or night","john@johntheplumber.ca","debbie@johntheplumber.ca","sherri.a@johntheplumber.ca","logan.vancingel@unb.ca","sseevvaagg@hotmail.com","protectiveplumbing@ottawa.ca","mtenute@gmail.com","mukaley83@gmail.com","alphonse.ndimbani@gmail.com","2896443856","9056450467","2894831367","6478126108","6132277465","26132277465"
"0x4cce07ec9e3b3485:0xe73d8d9b91d95ff2","DrainPro","1980 Merivale Rd, Nepean, ON K2G 1G4","1980 Merivale Rd","Nepean","ON","K2G 1G4","Canada","45.323890899999995","-75.71845909999999","110","4.8","+16132337586","America/Toronto","https://ottawaplumbingservice.ca/","ChIJhTQ7nuwHzkwR8l_ZkZuNPec","https://www.google.com/maps/place/data=!3m1!4b1!4m2!3m1!1s0x4cce07ec9e3b3485:0xe73d8d9b91d95ff2","Plumber","plumbing","","6 a.m.–10 p.m.","6 a.m.–10 p.m.","6 a.m.–10 p.m.","6 a.m.–10 p.m.","6 a.m.–10 p.m.","6 a.m.–10 p.m.","6 a.m.–10 p.m.","true","","","","","","","","","","","Ottawa's #1 Trusted & Reliable Plumber · DrainPro Ottawa","Commercial and residential plumbing services across Ottawa including Barrhaven, Kanata, Stittsville, Orléans, Nepean and more. Family-owned, licensed and insured. 24/7 emergency service. Call 613-233-7586 for a free quote.","drainproottawainc@bellnet.ca","","","","","","","","","+1 613 233 7586","","","","",""
"0xb14e08efa6f39e9:0x1670e87cd700bb49","Platinum FloXpress Plumbing and Heating","3748 Albion Rd S, Ottawa, ON K1T 1A5","3748 Albion Rd S","Ottawa","ON","K1T 1A5","Canada","45.3467523","-75.639315","40","5","+16133555303","America/Toronto","http://www.platinumfloxpress.com/","ChIJ6Tlv-o7gFAsRSbsA13zocBY","https://www.google.com/maps/place/data=!3m1!4b1!4m2!3m1!1s0xb14e08efa6f39e9:0x1670e87cd700bb49","Plumber | Gasfitter","plumbing, hvac","","Open 24 hours","Open 24 hours","Open 24 hours","Open 24 hours","Open 24 hours","Open 24 hours","Open 24 hours","true","","","","","","","","","","","","","","","","","","","","","","","","","","",""
"0x4cce123776df1a7f:0x358cc72ca5eda8fd","John The Plumber Orleans","348 Omer Lacasse Ave, Orléans, ON K1E 2X8","348 Omer Lacasse Ave","Orléans","ON","K1E 2X8","Canada","45.4648932","-75.4973112","664","4.9","+16132098908","America/Toronto","https://johntheplumber.ca/orleans","ChIJfxrfdjcSzkwR_ajtpSzHjDU","https://www.google.com/maps/place/data=!3m1!4b1!4m2!3m1!1s0x4cce123776df1a7f:0x358cc72ca5eda8fd","Plumber | Drainage service","plumbing","","8 a.m.–11:30 p.m.","8 a.m.–11:30 p.m.","8 a.m.–11:30 p.m.","8 a.m.–11:30 p.m.","8 a.m.–11:30 p.m.","8 a.m.–11:30 p.m.","8 a.m.–11:30 p.m.","true","","https://www.facebook.com/JohnThePlumberOttawa","https://www.instagram.com/johntheplumberbarrhaven","https://www.tiktok.com/@johntheplumbercanada","","https://twitter.com/jtpottawa","https://www.linkedin.com/company/john-the-plumber-ottawa","","https://www.youtube.com/@JohnThePlumber","","Fast, Award-Winning Plumbing & Drain Services – Same-Day Solutions","Call Ottawa's John The Plumber with any plumbing, drain, water heater, or furnace challenge - big or small, day or night","john@johntheplumber.ca","debbie@johntheplumber.ca","sherri.a@johntheplumber.ca","logan.vancingel@unb.ca","sseevvaagg@hotmail.com","protectiveplumbing@ottawa.ca","mtenute@gmail.com","mukaley83@gmail.com","alphonse.ndimbani@gmail.com","2896443856","9056450467","2894831367","6478126108","6132277465","26132277465"
"0x4cce07a59743790b:0x9601b91612c67e2f","GreenLine Plumbing & Drain Nepean","595 W Hunt Club Rd Ste 21, Nepean, ON K2G 5X6","595 W Hunt Club Rd Ste 21","Nepean","ON","K2G 5X6","Canada","45.3332039","-75.729664","13","5","+16138006843","America/Toronto","https://plumbernepean.ca/?utm_source=gmb&utm_medium=organic&utm_campaign=gmb","ChIJC3lDl6UHzkwRL37GEha5AZY","https://www.google.com/maps/place/data=!3m1!4b1!4m2!3m1!1s0x4cce07a59743790b:0x9601b91612c67e2f","Plumber | Drainage service | Septic system service | Well drilling contractor","plumbing, construction, septic, water-treatment","","Open 24 hours","Open 24 hours","Open 24 hours","Open 24 hours","Open 24 hours","Open 24 hours","Open 24 hours","true","","","","","","","","","","","Plumber Nepean Ontario | GreenLine Plumbing & Drain Services","Plumber in Nepean — available 24/7 with same-day service, licensed & insured, and all work guaranteed. Call 613-800-6843 to book your local plumber today.","","","","","","","","","","+1 613 800 6843","","","","",""
"0x4cce0769f3d8ac19:0x5adfe8cf24fbe1cb","Huntley Plumbing Inc","117 Granton Ave, Nepean, ON K2G 1X4","117 Granton Ave","Nepean","ON","K2G 1X4","Canada","45.3561184","-75.7506607","17","4.9","+16138016811","America/Toronto","https://www.huntleyplumbing.ca/","ChIJGazY82kHzkwRy-H7JM_o31o","https://www.google.com/maps/place/data=!3m1!4b1!4m2!3m1!1s0x4cce0769f3d8ac19:0x5adfe8cf24fbe1cb","Plumber | Drainage service | Furnace repair service | Heating contractor | HVAC contractor","plumbing, hvac, construction","","Closed","6 a.m.–6 p.m.","6 a.m.–6 p.m.","6 a.m.–6 p.m.","6 a.m.–6 p.m.","6 a.m.–6 p.m.","Closed","true","","","","","","","","","","","","","","","","","","","","","","","","","","",""
"0x4cce0f941aa81aaf:0x9aeaa0a38887f781","Ted's Plumbing & Heating","532 Montréal Rd, Ottawa, ON K1K 4R4","532 Montréal Rd","Ottawa","ON","K1K 4R4","Canada","45.4406934","-75.64595709999999","1","5","+16137910215","America/Toronto","","ChIJrxqoGpQPzkwRgfeHiKOg6po","https://www.google.com/maps/place/data=!3m1!4b1!4m2!3m1!1s0x4cce0f941aa81aaf:0x9aeaa0a38887f781","Plumber","plumbing, hvac","","Closed","7 a.m.–7 p.m.","7 a.m.–7 p.m.","7 a.m.–7 p.m.","7 a.m.–7 p.m.","7 a.m.–7 p.m.","7 a.m.–7 p.m.","false","","","","","","","","","","","","","","","","","","","","","","","","","","",""
"0x4cce0660944462f7:0xc3c446028c20b0c7","Carling Plumbing","17 Kesler Ave, Nepean, ON K2E 5Y9","17 Kesler Ave","Nepean","ON","K2E 5Y9","Canada","45.3687051","-75.71873649999999","11","3.2","+16137246000","America/Toronto","","ChIJ92JElGAGzkwRx7AgjAJGxMM","https://www.google.com/maps/place/data=!3m1!4b1!4m2!3m1!1s0x4cce0660944462f7:0xc3c446028c20b0c7","Plumber","plumbing","","Open 24 hours","Open 24 hours","Open 24 hours","Open 24 hours","Open 24 hours","Open 24 hours","Open 24 hours","false","","","","","","","","","","","","","","","","","","","","","","","","","","",""
"0x4cce00d15708a645:0x31d6b90224a9e011","Ottawa Home Services","1559 Laperriere Ave, Ottawa, ON K1Z 5H1","1559 Laperriere Ave","Ottawa","ON","K1Z 5H1","Canada","45.3770715","-75.74476969999999","1322","4.9","+16136044777","America/Toronto","https://www.ottawahomeservices.ca/?utm_source=Google&utm_medium=GMB","ChIJRaYIV9EAzkwREeCpJAK51jE","https://www.google.com/maps/place/data=!3m1!4b1!4m2!3m1!1s0x4cce00d15708a645:0x31d6b90224a9e011","Air conditioning repair service | Air conditioning contractor | Air conditioning system supplier | Boiler supplier | Furnace repair service | Furnace store | Heating contractor | Hot water system supplier | HVAC contractor","retail, department-store, wholesale, hvac, construction","","Open 24 hours","Open 24 hours","Open 24 hours","Open 24 hours","Open 24 hours","Open 24 hours","Open 24 hours","true","","https://www.facebook.com/ottawahomeservices","","","","https://x.com/ottawahomsrvces","","","","","Ottawa Heating and Cooling - Furnaces, Air Conditioners","HVAC experts providing furnaces, central/ductless air conditioners & tankless water heaters to Ottawa, Kanata. 24/7 Emergency Service, Repairs, & Rentals.","","","","","","","","","","+1 613 604 4777","+1 613 726 7555","+1 613 829 9700","","",""
"0xdc9a5070e134d31:0xc9c91aea9600ed3","The Ottawa Plumber","","","","","","Canada","45.2482659","-75.8002569","68","5","+16133275050","America/Toronto","http://theottawaplumber.com/","ChIJMU0TDgelyQ0R0w5gqa6RnAw","https://www.google.com/maps/place/data=!3m1!4b1!4m2!3m1!1s0xdc9a5070e134d31:0xc9c91aea9600ed3","Plumber | Service establishment","plumbing","","Open 24 hours","Open 24 hours","Open 24 hours","Open 24 hours","Open 24 hours","Open 24 hours","Open 24 hours","true","","","","","","","","","","","","","","","","","","","","","","","","","","",""
"0x4cce0f0ae1531ecb:0x2aae4b322513bc49","GFL Environmental (Formerly Drain-All)","3385 Hawthorne Rd, Ottawa, ON K1G 4G2","3385 Hawthorne Rd","Ottawa","ON","K1G 4G2","Canada","45.3776948","-75.5983275","38","3.9","+16137391070","America/Toronto","http://www.drainall.com/","ChIJyx5T4QoPzkwRSbwTJTJLrio","https://www.google.com/maps/place/data=!3m1!4b1!4m2!3m1!1s0x4cce0f0ae1531ecb:0x2aae4b322513bc49","Plumber | Environmental health service | Excavating contractor | Sewage disposal service | Sewage treatment plant | Utility contractor","medical, plumbing, construction","","Open 24 hours","Open 24 hours","Open 24 hours","Open 24 hours","Open 24 hours","Open 24 hours","Open 24 hours","true","","https://www.facebook.com/gflenvironmental","https://www.instagram.com/gflenvironmental","","","https://x.com/gflenv","https://www.linkedin.com/company/gflenvironmental","","https://www.youtube.com/channel/UC4j8cdyyHcZEXgSFX-jbD5g","","Welcome, Drain-All Customers! - GFL Environmental Inc.","Waste Management & Environmental Services","","","","","","","","","","","","","","",""
"0x4cce0f8c7f00064d:0x97fb247a3ffb6ef7","Mannion Plumbing and Heating Ltd","","","","","","Canada","45.2482659","-75.8002569","19","4.4","+16137457135","America/Toronto","https://mannionhpac.com/","ChIJTQYAf4wPzkwR9277P3ok-5c","https://www.google.com/maps/place/data=!3m1!4b1!4m2!3m1!1s0x4cce0f8c7f00064d:0x97fb247a3ffb6ef7","Plumber | Service establishment | Furnace repair service | General contractor | HVAC contractor | Air conditioning contractor","plumbing, hvac, construction","","Open 24 hours","Open 24 hours","Open 24 hours","Open 24 hours","Open 24 hours","Open 24 hours","Open 24 hours","true","","","","","","","","","","","Mannion Plumbing and Heating Ltd","Air Conditioning Services, Furnace Repair and Plumbing Services","info@mannionhpac.com","","","","","","","","","+1 613 745 7135","","","","",""
"0x4cce0ec5bb9e66c5:0x6300a54981bf2ba5","Scooter Rooter Inc.","2739 Stevenage Dr, Ottawa, ON K1G 3N2","2739 Stevenage Dr","Ottawa","ON","K1G 3N2","Canada","45.3825395","-75.5962764","45","4.4","+16132605731","America/Toronto","","ChIJxWaeu8UOzkwRpSu_gUmlAGM","https://www.google.com/maps/place/data=!3m1!4b1!4m2!3m1!1s0x4cce0ec5bb9e66c5:0x6300a54981bf2ba5","Plumber","motorcycle, plumbing","","Open 24 hours","7 a.m.–5 p.m.","7 a.m.–5 p.m.","7 a.m.–5 p.m.","7 a.m.–5 p.m.","7 a.m.–5 p.m.","Open 24 hours","true","","","","","","","","","","","","","","","","","","","","","","","","","","",""
"0x4cce0f885e40c207:0x5be0a7bb06c09ce5","Capital City Plumbing and Drain","","","","","","Canada","45.486968","-75.4814952","10","3","+16137695277","America/Toronto","","ChIJB8JAXogPzkwR5ZzABrun4Fs","https://www.google.com/maps/place/data=!3m1!4b1!4m2!3m1!1s0x4cce0f885e40c207:0x5be0a7bb06c09ce5","Plumber | Service establishment","finance, plumbing","","Closed","9 a.m.–5 p.m.","9 a.m.–5 p.m.","9 a.m.–5 p.m.","9 a.m.–5 p.m.","9 a.m.–5 p.m.","Closed","true","","","","","","","","","","","","","","","","","","","","","","","","","","",""
"0x4cce07dd6c140001:0xd72a97cd23506235","Adams Plumbing","73 Promenade Ave, Ottawa, ON K2E 5X9","73 Promenade Ave","Ottawa","ON","K2E 5X9","Canada","45.328359899999995","-75.7032937","13","4.9","+16139785682","America/Toronto","http://www.adamsplumbing.ca/","ChIJAQAUbN0HzkwRNWJQI82XKtc","https://www.google.com/maps/place/data=!3m1!4b1!4m2!3m1!1s0x4cce07dd6c140001:0xd72a97cd23506235","Plumber","plumbing","","Closed","8 a.m.–5 p.m.","8 a.m.–5 p.m.","8 a.m.–5 p.m.","8 a.m.–5 p.m.","8 a.m.–5 p.m.","Closed","true","","","","","","","","","","","Master Plumber Ottawa | Adams Plumbing","Ottawa's trusted master plumbers since 1990. Heritage homes, modern renovations, drain cleaning, water heaters & 24/7 emergency service across The Glebe, Westboro, Kanata, Barrhaven & the National Capital Region.","russtnails@hotmail.com","russtnails@hotmail.comhours","","","","","","","","+1 613 978 5682","","","","",""
"0x4cce0553a2f261f9:0x2cd38d31cf3360bb","RTP Plumbing inc.","910 St. Laurent Blvd, Ottawa, ON K1K 3B3","910 St. Laurent Blvd","Ottawa","ON","K1K 3B3","Canada","45.4312645","-75.6415665","","","+16132992089","America/Toronto","http://rtpplumbing.ca/","ChIJ-WHyolMFzkwRu2AzzzGN0yw","https://www.google.com/maps/place/data=!3m1!4b1!4m2!3m1!1s0x4cce0553a2f261f9:0x2cd38d31cf3360bb","Plumber","plumbing","","Open 24 hours","Open 24 hours","Open 24 hours","Open 24 hours","Open 24 hours","Open 24 hours","Open 24 hours","true","","","","","","","","","","","","","","","","","","","","","","","","","","",""
"0x4cce136e5cc3312d:0x6ef2b31634341075","Environmental Plumbing","326 Warden Ave, Orléans, ON K1E 1T4","326 Warden Ave","Orléans","ON","K1E 1T4","Canada","45.4714265","-75.50221049999999","302","4.8","+16134541420","America/Toronto","https://environmentalplumbing.ca/orleans","ChIJLTHDXG4TzkwRdRA0NBaz8m4","https://www.google.com/maps/place/data=!3m1!4b1!4m2!3m1!1s0x4cce136e5cc3312d:0x6ef2b31634341075","Plumber | Drainage service","plumbing","","Open 24 hours","Open 24 hours","Open 24 hours","Open 24 hours","Open 24 hours","Open 24 hours","Open 24 hours","true","","https://www.facebook.com/environmentalplumbingottawa","https://www.instagram.com/environmentalplumbing","","","","","","https://www.youtube.com/@EnvironmentalPlumbingCanada","","Ottawa Plumbing and Drain Cleaning - Same-Day Plumbers With Environmental Plumbing and Drains","Environmental Plumbing and Drains Ottawa is a Plumbing company setup by expert Gary Greco. Over 35 years of local experience, we offer expert drain cleaning, plumbing services in Nepean, Barrhaven, Kanata and Ontario West.","","","","","","","","","","","","","","",""
"0x4ccde387317d2df7:0xaba721dd84e76fb3","Environmental Plumbing","264 Kilspindie Ridge, Ottawa, ON K2J 5M8","264 Kilspindie Ridge","Ottawa","ON","K2J 5M8","Canada","45.252273599999995","-75.71158849999999","43","4.9","+16135664466","America/Toronto","https://environmentalplumbing.ca/barrhaven/","ChIJ9y19MYfjzUwRs2_nhN0hp6s","https://www.google.com/maps/place/data=!3m1!4b1!4m2!3m1!1s0x4ccde387317d2df7:0xaba721dd84e76fb3","Plumber","plumbing","","Open 24 hours","Open 24 hours","Open 24 hours","Open 24 hours","Open 24 hours","Open 24 hours","Open 24 hours","true","","https://www.facebook.com/environmentalplumbingottawa","https://www.instagram.com/environmentalplumbing","","","","","","https://www.youtube.com/@EnvironmentalPlumbingCanada","","Ottawa Plumbing and Drain Cleaning - Same-Day Plumbers With Environmental Plumbing and Drains","Environmental Plumbing and Drains Ottawa is a Plumbing company setup by expert Gary Greco. Over 35 years of local experience, we offer expert drain cleaning, plumbing services in Nepean, Barrhaven, Kanata and Ontario West.","","","","","","","","","","","","","","",""
"0x4cce124d65652657:0x23d1431b7e418e01","Eastern Ottawa Plumbing","1935 Orchardview Ave, Orléans, ON K4A 3H2","1935 Orchardview Ave","Orléans","ON","K4A 3H2","Canada","45.469631","-75.4791872","37","5","+16135582155","America/Toronto","http://www.easternottawaplumbing.ca/","ChIJVyZlZU0SzkwRAY5BfhtD0SM","https://www.google.com/maps/place/data=!3m1!4b1!4m2!3m1!1s0x4cce124d65652657:0x23d1431b7e418e01","Plumber","plumbing","","Closed","8 a.m.–5 p.m.","8 a.m.–5 p.m.","8 a.m.–5 p.m.","8 a.m.–5 p.m.","9 a.m.–4 p.m.","Closed","true","","https://www.facebook.com/EasternOttawaPlumbing","","","","","","","https://www.youtube.com/c/BrantonConstruction","","Home","Home","info@easternottawaplumbing.com","","","","","","","","","+1 613 558 2155","","","","",""
"0x4ccdfeefb4e9787d:0x7ab2d0e4ff2d09d4","John The Plumber","77 Sunnybrooke Dr, Kanata, ON K2M 2P2","77 Sunnybrooke Dr","Kanata","ON","K2M 2P2","Canada","45.2783776","-75.8556858","458","4.9","+16135091320","America/Toronto","http://www.johntheplumber.ca/kanata/","ChIJfXjptO_-zUwR1Akt_-TQsno","https://www.google.com/maps/place/data=!3m1!4b1!4m2!3m1!1s0x4ccdfeefb4e9787d:0x7ab2d0e4ff2d09d4","Plumber | Drainage service","plumbing","","7 a.m.–11:30 p.m.","7 a.m.–11:30 p.m.","7 a.m.–11:30 p.m.","7 a.m.–11:30 p.m.","7 a.m.–11:30 p.m.","7 a.m.–11:30 p.m.","7 a.m.–11:30 p.m.","true","","https://www.facebook.com/JohnThePlumberOttawa","https://www.instagram.com/johntheplumberbarrhaven","https://www.tiktok.com/@johntheplumbercanada","","https://twitter.com/jtpottawa","https://www.linkedin.com/company/john-the-plumber-ottawa","","https://www.youtube.com/@JohnThePlumber","","Fast, Award-Winning Plumbing & Drain Services – Same-Day Solutions","Call Ottawa's John The Plumber with any plumbing, drain, water heater, or furnace challenge - big or small, day or night","john@johntheplumber.ca","debbie@johntheplumber.ca","sherri.a@johntheplumber.ca","logan.vancingel@unb.ca","sseevvaagg@hotmail.com","protectiveplumbing@ottawa.ca","mtenute@gmail.com","mukaley83@gmail.com","alphonse.ndimbani@gmail.com","2896443856","9056450467","2894831367","6478126108","6132277465","26132277465"
"0x4cce07c4d0336097:0x5f520f4eb89c4f90","Pegg Thomas A Plumbing & Heating","1554 Carling Ave, Ottawa, ON K1Z 7M4","1554 Carling Ave","Ottawa","ON","K1Z 7M4","Canada","45.3810407","-75.74414519999999","7","5","+16137284780","America/Toronto","http://www.peggplumbing.com/","ChIJl2Az0MQHzkwRkE-cuE4PUl8","https://www.google.com/maps/place/data=!3m1!4b1!4m2!3m1!1s0x4cce07c4d0336097:0x5f520f4eb89c4f90","Plumber | Heating contractor","plumbing, hvac, construction","","Closed","8 a.m.–4:30 p.m.","8 a.m.–4:30 p.m.","8 a.m.–4:30 p.m.","8 a.m.–4:30 p.m.","8 a.m.–4:30 p.m.","Closed","true","","","","","","","","","","","Plumber in Ottawa and surroundings | Thomas Pegg Plumbing & Heating","Thomas A. Pegg Plumbing & Heating Ltd is your trusted plumber in Ottawa for installation, repair, and maintenance services. Contact us for a free quote!","office@peggplumbing.com","emailoffice@peggplumbing.com","","","","","","","","+1 613 728 4780","","","","",""
"0x4ccde30b6b95c3d7:0xe479ca7498cbb029","H2Ok Plumbing","108 Granville St, Vanier, ON K1X 1C6","108 Granville St","Vanier","ON","K1X 1C6","Canada","45.4444707","-75.6570988","5","5","+16138844966","America/Toronto","http://h2okplumbing.com/","ChIJ18OVawvjzUwRKbDLmHTKeeQ","https://www.google.com/maps/place/data=!3m1!4b1!4m2!3m1!1s0x4ccde30b6b95c3d7:0xe479ca7498cbb029","Plumber","plumbing","","Closed","8 a.m.–8 p.m.","8 a.m.–8 p.m.","8 a.m.–8 p.m.","8 a.m.–8 p.m.","8 a.m.–8 p.m.","Closed","true","","","","","","","","","","","H2OK PLUMBING","","info@h2okplumbing.com","needs.info@h2okplumbing.com","","","","","","","","+1 613 884 4966","","","","",""
"0x4cce1237b13fffff:0x74fc7df118045b23","Orleans Plumbing","2946 Diamond Way, Navan - Vars, ON K4B 1J9","2946 Diamond Way","Navan - Vars","ON","K4B 1J9","Canada","45.4264884","-75.4841362","35","4.9","+16134246737","America/Toronto","http://orleansplumbingservice.com/","ChIJ__8_sTcSzkwRI1sEGPF9_HQ","https://www.google.com/maps/place/data=!3m1!4b1!4m2!3m1!1s0x4cce1237b13fffff:0x74fc7df118045b23","Plumber | Drainage service","plumbing","","Closed","8 a.m.–5 p.m.","8 a.m.–5 p.m.","8 a.m.–5 p.m.","8 a.m.–5 p.m.","8 a.m.–5 p.m.","Closed","true","","https://www.facebook.com/Orleans-Plumbing-Services-1722095954761655","","","","","","","","","Plumber in Ottawa | Orleans Plumbing & Drain Services","Licensed Ottawa plumber for emergency repairs, drain cleaning, water heaters & frozen pipes. 24/7 service across Ottawa. Call (613) 424-6737.","info@orleansplumbingservice.com","info@orleansplumbingservice.comservice","","","","","","","","+1 613 424 6737","","","","",""
"0x122870842623585:0x815404a698ebcb50","Plumbing by Adam","1675 Tenth Line Rd, Orléans, ON K1E 3P6","1675 Tenth Line Rd","Orléans","ON","K1E 3P6","Canada","45.4691116","-75.4916381","29","5","+16132192733","America/Toronto","https://adamplum.wixsite.com/plumbing-service","ChIJhTViQgiHIgERUMvrmKYEVIE","https://www.google.com/maps/place/data=!3m1!4b1!4m2!3m1!1s0x122870842623585:0x815404a698ebcb50","Plumber","plumbing","","9 a.m.–8 p.m.","9 a.m.–8 p.m.","9 a.m.–8 p.m.","9 a.m.–8 p.m.","9 a.m.–8 p.m.","9 a.m.–8 p.m.","9 a.m.–8 p.m.","true","","","","","","","","","","","","","","","","","","","","","","","","","","",""
"0x4cce073f2ec41de7:0x4b57aa09469851da","Diamond Plumbing","300 Greenbank Rd Ste M096, Ottawa, ON K2H 0B6","300 Greenbank Rd Ste M096","Ottawa","ON","K2H 0B6","Canada","45.3227573","-75.7780349","24","4.9","+16138645544","America/Toronto","https://www.diamondplumbingottawa.com/","ChIJ5x3ELj8HzkwR2lGYRgmqV0s","https://www.google.com/maps/place/data=!3m1!4b1!4m2!3m1!1s0x4cce073f2ec41de7:0x4b57aa09469851da","Plumber","jewelry, plumbing","","Closed","8 a.m.–5 p.m.","8 a.m.–5 p.m.","8 a.m.–5 p.m.","8 a.m.–5 p.m.","8 a.m.–5 p.m.","9 a.m.–1 p.m.","true","","https://www.facebook.com/DiamondPlumbingOttawa","","","","","","","","","Plumbing Repair Replacement | Diamond Plumbing | Ottawa","Plumbing Repair Replacement | Diamond Plumbing | Ottawa","diamondplumbingottawa@gmail.com","","","","","","","","","+1 613 864 5544","","","","",""
"0x4cce1243d4647041:0xbed1f6c978e53852","S & R Plumbing","250 Vanguard Dr, Orléans, ON K4A 3V6","250 Vanguard Dr","Orléans","ON","K4A 3V6","Canada","45.456075","-75.4905964","138","4.6","+16138300165","America/Toronto","https://srplumbing.ca/","ChIJQXBk1EMSzkwRUjjleMn20b4","https://www.google.com/maps/place/data=!3m1!4b1!4m2!3m1!1s0x4cce1243d4647041:0xbed1f6c978e53852","Plumber","plumbing","","Open 24 hours","Open 24 hours","Open 24 hours","Open 24 hours","Open 24 hours","Open 24 hours","Open 24 hours","true","","https://www.facebook.com/srplumbing.srmechanical","https://www.instagram.com/srmechanical.srplumbing","","","","https://www.linkedin.com/company/s","","","","SR Plumbing","","service@srmech.com","resume@srmech.com","","","","","","","","+1 613 830 0165","+1 613 830 9152","","","",""
"0x4ccdffe4dfb4ae15:0xe45a7ce605ae8503","John The Plumber","190 Tapadero Ave, Stittsville, ON K2V 0N9","190 Tapadero Ave","Stittsville","ON","K2V 0N9","Canada","45.2728642","-75.8825961","287","4.9","+16136861917","America/Toronto","https://johntheplumber.ca/stittsville-plumber/","ChIJFa603-T_zUwRA4WuBeZ8WuQ","https://www.google.com/maps/place/data=!3m1!4b1!4m2!3m1!1s0x4ccdffe4dfb4ae15:0xe45a7ce605ae8503","Plumber","plumbing","","7:30 a.m.–11 p.m.","7:30 a.m.–11 p.m.","7:30 a.m.–11 p.m.","7:30 a.m.–11 p.m.","7:30 a.m.–11 p.m.","7:30 a.m.–11 p.m.","7:30 a.m.–11 p.m.","true","","https://www.facebook.com/JohnThePlumberOttawa","https://www.instagram.com/johntheplumberbarrhaven","https://www.tiktok.com/@johntheplumbercanada","","https://twitter.com/jtpottawa","https://www.linkedin.com/company/john-the-plumber-ottawa","","https://www.youtube.com/@JohnThePlumber","","Fast, Award-Winning Plumbing & Drain Services – Same-Day Solutions","Call Ottawa's John The Plumber with any plumbing, drain, water heater, or furnace challenge - big or small, day or night","john@johntheplumber.ca","debbie@johntheplumber.ca","sherri.a@johntheplumber.ca","logan.vancingel@unb.ca","sseevvaagg@hotmail.com","protectiveplumbing@ottawa.ca","mtenute@gmail.com","mukaley83@gmail.com","alphonse.ndimbani@gmail.com","2896443856","9056450467","2894831367","6478126108","6132277465","26132277465"
"0x4ccdff66b48a4f05:0xf203647f5684027b","Summit Drain & Plumbing Ottawa","70 McDermot Ct, Kanata, ON K2L 3V5","70 McDermot Ct","Kanata","ON","K2L 3V5","Canada","45.3016322","-75.88427039999999","126","5","+16133557566","America/Toronto","http://www.summitdrain.ca/","ChIJBU-KtGb_zUwRewKEVn9kA_I","https://www.google.com/maps/place/data=!3m1!4b1!4m2!3m1!1s0x4ccdff66b48a4f05:0xf203647f5684027b","Plumber | Contractor | Excavating contractor | Waterproofing service","plumbing, construction, waterproofing","","9 a.m.–5 p.m.","7 a.m.–9 p.m.","7 a.m.–9 p.m.","7 a.m.–9 p.m.","7 a.m.–9 p.m.","7 a.m.–9 p.m.","9 a.m.–5 p.m.","true","","https://www.facebook.com/Summitdrain","","","","","","","https://www.youtube.com/@Summitdrain","","Plumbing, Drain & Waterproofing Services Ottawa | Summit Drain","Ottawa plumbing, drain, and waterproofing experts with 10+ years of experience. We provide reliable residential & commercial solutions!","summitdrains@gmail.com","","","","","","","","","+1 613 355 7566","","","","",""
"0x4cd1ffd7961be559:0x86386e75ea907014","Out of This World Plumbing","308 Legget Dr #206, Kanata, ON K2K 1Z8","308 Legget Dr #206","Kanata","ON","K2K 1Z8","Canada","45.3393322","-75.9049209","118","4.9","+16135191594","America/Toronto","https://www.outofthisworldhomeservices.com/kanata-plumbing/?utm_source=google&utm_medium=gmb&utm_campaign=GMB%20Kanata","ChIJWeUbltf_0UwRFHCQ6nVuOIY","https://www.google.com/maps/place/data=!3m1!4b1!4m2!3m1!1s0x4cd1ffd7961be559:0x86386e75ea907014","Plumber | Bathroom remodeler | Drainage service | Hot water system supplier | Water purification company | Water softening equipment supplier | Water testing service | Water treatment supplier","wholesale, plumbing","","Open 24 hours","Open 24 hours","Open 24 hours","Open 24 hours","Open 24 hours","Open 24 hours","Open 24 hours","true","","","","","","","","","","","","","","","","","","","","","","","","","","",""
"0x25c667a369339db9:0xa6f75b5cfb0785a8","Liquid Copper Plumbing","17 Enterprise Ave, Ottawa, ON K2G 0A7","17 Enterprise Ave","Ottawa","ON","K2G 0A7","Canada","45.329409399999996","-75.7237569","24","4.8","+13433214631","America/Toronto","https://liquidcopperplumbing.ca/","ChIJuZ0zaaNnxiURqIUH-1xb96Y","https://www.google.com/maps/place/data=!3m1!4b1!4m2!3m1!1s0x25c667a369339db9:0xa6f75b5cfb0785a8","Plumber","plumbing","","8 a.m.–5 p.m.","8 a.m.–5 p.m.","8 a.m.–5 p.m.","8 a.m.–5 p.m.","8 a.m.–5 p.m.","8 a.m.–5 p.m.","8 a.m.–5 p.m.","true","","","","","","","","","","","","","","","","","","","","","","","","","","",""
"0x4cd201d8e8ce777b:0x162aa9cdef24ef13","Environmental Plumbing","14 Chisholm Ct, Kanata, ON K2K 1E2","14 Chisholm Ct","Kanata","ON","K2K 1E2","Canada","45.3313973","-75.9011144","202","4.9","+16133664752","America/Toronto","https://environmentalplumbing.ca/kanata/","ChIJe3fO6NgB0kwRE-8k782pKhY","https://www.google.com/maps/place/data=!3m1!4b1!4m2!3m1!1s0x4cd201d8e8ce777b:0x162aa9cdef24ef13","Plumber","plumbing","","Open 24 hours","Open 24 hours","Open 24 hours","Open 24 hours","Open 24 hours","Open 24 hours","Open 24 hours","true","","https://www.facebook.com/environmentalplumbingottawa","https://www.instagram.com/environmentalplumbing","","","","","","https://www.youtube.com/@EnvironmentalPlumbingCanada","","Ottawa Plumbing and Drain Cleaning - Same-Day Plumbers With Environmental Plumbing and Drains","Environmental Plumbing and Drains Ottawa is a Plumbing company setup by expert Gary Greco. Over 35 years of local experience, we offer expert drain cleaning, plumbing services in Nepean, Barrhaven, Kanata and Ontario West.","","","","","","","","","","","","","","",""
"0x4cce05173fa664e9:0x15737af3166ecf35","Smart Tech Mechanical Plumbing & Heating","343 Preston St #1100, Ottawa, ON K1S 1N4","343 Preston St #1100","Ottawa","ON","K1S 1N4","Canada","45.4022313","-75.7094954","","","+16136653547","America/Toronto","","ChIJ6WSmPxcFzkwRNc9uFvN6cxU","https://www.google.com/maps/place/data=!3m1!4b1!4m2!3m1!1s0x4cce05173fa664e9:0x15737af3166ecf35","Plumber","plumbing, hvac","","","","","","","","","true","","","","","","","","","","","","","","","","","","","","","","","","","","",""
"0x4cce09f4b8c60c23:0x482f7787c52af1aa","Hani Plumbing Services","309 Flesherton Private, Gloucester, ON K1X 0J8","309 Flesherton Private","Gloucester","ON","K1X 0J8","Canada","45.2743774","-75.6822275","36","4.9","+16138798723","America/Toronto","https://www.haniplumbingservices.ca/","ChIJIwzGuPQJzkwRqvEqxYd3L0g","https://www.google.com/maps/place/data=!3m1!4b1!4m2!3m1!1s0x4cce09f4b8c60c23:0x482f7787c52af1aa","Plumber | Drainage service","plumbing","","Open 24 hours","Open 24 hours","Open 24 hours","Open 24 hours","Open 24 hours","Open 24 hours","Open 24 hours","true","","","","","","","","","","","Same-Day Plumbing in Ottawa - Ottawa Plumbers On-Call 24/7","We handle drains, toilets, faucets, taps, sinks, showers, pumps, water heaters, & more. Read our reviews to see why people around Ottawa rely on us. Call day or night","","","","","","","","","","+1 613 879 8723","","","","",""
"0x4ccdfd0294d77e65:0xab77f8d0a8dc4f11","The Irish Plumber","","","","","","Canada","45.2482659","-75.8002569","118","4.9","+16136551510","America/Toronto","https://theirishplumber.ca/barrhaven-plumbing-drain-services/?UTM_source=GMB_listing&UTM_medium=organic_HD","ChIJZX7XlAL9zUwREU_cqND4d6s","https://www.google.com/maps/place/data=!3m1!4b1!4m2!3m1!1s0x4ccdfd0294d77e65:0xab77f8d0a8dc4f11","Plumber | Bathroom remodeler | Drainage service | Service establishment | Kitchen remodeler","plumbing","","Open 24 hours","Open 24 hours","Open 24 hours","Open 24 hours","Open 24 hours","Open 24 hours","Open 24 hours","true","","","","","","","","","","","","","","","","","","","","","","","","","","",""
"0x4cce09b5fff1aa8b:0x64a0aa447bf88ea9","Pipes Plumbing","430 Hazeldean Rd Unit 6, Ottawa, ON K2L 1T9","430 Hazeldean Rd Unit 6","Ottawa","ON","K2L 1T9","Canada","45.3009275","-75.8822862","119","4.9","+16132277473","America/Toronto","https://pipesplumbing.ca/","ChIJi6rx_7UJzkwRqY74e0SqoGQ","https://www.google.com/maps/place/data=!3m1!4b1!4m2!3m1!1s0x4cce09b5fff1aa8b:0x64a0aa447bf88ea9","Plumber","plumbing","","Closed","8 a.m.–5 p.m.","8 a.m.–5 p.m.","8 a.m.–5 p.m.","8 a.m.–5 p.m.","8 a.m.–5 p.m.","Closed","true","","","","","","","","","","","Home - Pipes Plumbing","Serving Ottawa since 2003, our team strives everyday for efficient, and quality work that we can stand by. That's why we offer a 3 year warranty on all of our","info@pipesplumbing.ca","","","","","","","","","+1 613 227 7473","+1 613 706 4874","","","",""
"0x863f0722e27a391:0xf06e002a921ead78","Hydra Plumbing","6125 Silverbirch St, Ottawa, ON K1W 1C4","6125 Silverbirch St","Ottawa","ON","K1W 1C4","Canada","45.4427133","-75.5271367","64","5","+16134079337","America/Toronto","https://hydra-plumbing.com/","ChIJkaMnLnLwYwgReK0ekioAbvA","https://www.google.com/maps/place/data=!3m1!4b1!4m2!3m1!1s0x863f0722e27a391:0xf06e002a921ead78","Plumber","plumbing","","Open 24 hours","Open 24 hours","Open 24 hours","Open 24 hours","Open 24 hours","Open 24 hours","Open 24 hours","true","","https://www.facebook.com/480776415120603","","","","","","","","","Hydra Plumbing","Proudly serving Greater Ottawa Region, Hydra Plumbing delivers fast, reliable service and total customer satisfaction","francis@hydra-plumbing.com","francis@hydra-plumbing.comhoursopen","","","","","","","","+1 613 407 9337","","","","",""
"0x4cce788c8b772279:0x841e1854ed5233be","Bertrand Plumbing & Heating Inc.","195 Bay St, Embrun, ON K0A 1W1","195 Bay St","Embrun","ON","K0A 1W1","Canada","45.270041","-75.3046454","637","4.8","+16134433090","America/Toronto","http://www.bertrandplumbing.com/","ChIJeSJ3i4x4zkwRvjNS7VQYHoQ","https://www.google.com/maps/place/data=!3m1!4b1!4m2!3m1!1s0x4cce788c8b772279:0x841e1854ed5233be","Plumber | Air conditioning contractor | Air conditioning repair service | Heating contractor | Heating equipment supplier | HVAC contractor | Mechanical contractor | Plumbing supply store | Sheet metal contractor | Water softening equipment supplier","retail, department-store, wholesale, plumbing, hvac, construction, plumbing-supply","","Closed","8 a.m.–5 p.m.","8 a.m.–5 p.m.","8 a.m.–5 p.m.","8 a.m.–5 p.m.","8 a.m.–4 p.m.","Closed","true","","https://www.facebook.com/profile.php","https://www.instagram.com/bertrandplumbingheating","","","","","","","","Fastest & Best Ottawa Plumbers Near You | Bertrand Plumbing","Looking for the best Ottawa plumbers near you? Bertrand Plumbing offers top-notch services in plumbing, heating, and electric solutions. Contact us today!","roxanne@bertrandplumbing.com","info@bertrandplumbing.com","accounting@bertrandplumbing.com","","","","","","","+1 613 443 3090","+1 613 443 1896","","","",""
"0x4ccdf8b14cb3a5c1:0xc146efc2cf5f6d61","Bell Plumbing","8 Bobcat Way, Stittsville, ON K2S 1B4","8 Bobcat Way","Stittsville","ON","K2S 1B4","Canada","45.253202699999996","-75.9160912","42","4.7","+16138362736","America/Toronto","http://www.bellplumbing.ca/","ChIJwaWzTLH4zUwRYW1fz8LvRsE","https://www.google.com/maps/place/data=!3m1!4b1!4m2!3m1!1s0x4ccdf8b14cb3a5c1:0xc146efc2cf5f6d61","Plumber","plumbing","","Open 24 hours","Open 24 hours","Open 24 hours","Open 24 hours","Open 24 hours","Open 24 hours","Open 24 hours","true","","","","","","","","","","","Plumbing Contractor in Stittsville - Plumbing Services | Bell Plumbing","Bell Plumbing is your Plumbing Contractor in Stittsville with services ranging from plumbing a full custom home to fixing a leaky toilet. Learn More.","info@bellplumbing.ca","","","","","","","","","+1 613 836 2736","","","","",""
"0x4cce0f84ac000001:0x644e43a767d65190","Upper Canada Plumbing","Ottawa, ON K1B 3M4","","Ottawa","ON","K1B 3M4","Canada","45.4194847","-75.6335359","","","+16132236534","America/Toronto","https://uppercanadaplumbingcornwall.ca/","ChIJAQAArIQPzkwRkFHWZ6dDTmQ","https://www.google.com/maps/place/data=!3m1!4b1!4m2!3m1!1s0x4cce0f84ac000001:0x644e43a767d65190","Plumber","plumbing","","Open 24 hours","Open 24 hours","Open 24 hours","Open 24 hours","Open 24 hours","Open 24 hours","Open 24 hours","true","","","","","","","","","","","Upper Canada Plumbing – Trusted Plumbing Experts Serving Eastern Ontario","","","","","","","","","","","+1 613 223 6534","","","","",""
"0x4ccdff7bf0346ae3:0x7be9eb8e928e5dac","Rhino Plumbing","430 Hazeldean Rd Unit 6, Kanata, ON K2L 1T9","430 Hazeldean Rd Unit 6","Kanata","ON","K2L 1T9","Canada","45.3009275","-75.8822862","40","5","+16138055325","America/Toronto","https://rhino-plumbing.ca/","ChIJ42o08Hv_zUwRrF2Oko7r6Xs","https://www.google.com/maps/place/data=!3m1!4b1!4m2!3m1!1s0x4ccdff7bf0346ae3:0x7be9eb8e928e5dac","Plumber","plumbing","","Open 24 hours","Open 24 hours","Open 24 hours","Open 24 hours","Open 24 hours","Open 24 hours","Open 24 hours","true","","https://www.facebook.com/profile.php","https://www.instagram.com/rhinoplumbing_","","","","","","","","Rhino Plumbing Ottawa | Emergency Plumber Repairs & Installs","Rhino Plumbing offers fast, reliable plumbing services in Ottawa. From emergency repairs to installations, we deliver quality work you can trust. Call today.","admin@rhino-plumbing.ca","admin@rhino-plumbing.cahours","","","","","","","","+1 613 805 5325","","","","",""
"0x4ccddefb7d811c0f:0x6fa1cbbc5540c157","Plumbing Express","4338 Innes Rd, Orléans, ON K4A 3W3","4338 Innes Rd","Orléans","ON","K4A 3W3","Canada","45.458825399999995","-75.491982","43","5","+16137916200","America/Toronto","http://www.plumbingexpress.ca/","ChIJDxyBffvezUwRV8FAVbzLoW8","https://www.google.com/maps/place/data=!3m1!4b1!4m2!3m1!1s0x4ccddefb7d811c0f:0x6fa1cbbc5540c157","Plumber","plumbing","","8 a.m.–8 p.m.","8 a.m.–8 p.m.","8 a.m.–8 p.m.","8 a.m.–8 p.m.","8 a.m.–8 p.m.","8 a.m.–8 p.m.","6 a.m.–8 p.m.","true","","","","","","","","","","","","","","","","","","","","","","","","","","",""
"0x4ccde2e51a114ab3:0xd10ed08a2b373336","Kalex Plumbing Inc","1027 Red Spruce St, Gloucester, ON K1V 1T5","1027 Red Spruce St","Gloucester","ON","K1V 1T5","Canada","45.2751435","-75.6833614","12","4.9","+16132297888","America/Toronto","","ChIJs0oRGuXizUwRNjM3K4rQDtE","https://www.google.com/maps/place/data=!3m1!4b1!4m2!3m1!1s0x4ccde2e51a114ab3:0xd10ed08a2b373336","Plumber","plumbing","","","","","","","","","false","","","","","","","","","","","","","","","","","","","","","","","","","","",""
"0x28c3554cc603e573:0xdf3c8c854c44babb","The Irish Plumber","","","","","","Canada","45.2482659","-75.816929","3","4","+13434594997","America/Toronto","https://theirishplumber.ca/nepean-plumbing-services/?UTM_source=GMB_listing&UTM_medium=organic_HD","ChIJc-UDxkxVwygRu7pETIWMPN8","https://www.google.com/maps/place/data=!3m1!4b1!4m2!3m1!1s0x28c3554cc603e573:0xdf3c8c854c44babb","Plumber | Bathroom remodeler | Drainage service | Service establishment | Kitchen remodeler","plumbing","","Open 24 hours","Open 24 hours","Open 24 hours","Open 24 hours","Open 24 hours","Open 24 hours","Open 24 hours","true","","","","","","","","","","","","","","","","","","","","","","","","","","",""
"0x4cce1176968bcc87:0xf335709610c36c8f","Service-Tech Plomberie","1543 Rue Atmec, Gatineau, Quebec J8R 1A2","1543 Rue Atmec","Gatineau","Quebec","J8R 1A2","Canada","45.5108088","-75.572668","51","4.8","+18199182269","America/Toronto","http://www.servicetechplomberie.ca/","ChIJh8yLlnYRzkwRj2zDEJZwNfM","https://www.google.com/maps/place/data=!3m1!4b1!4m2!3m1!1s0x4cce1176968bcc87:0xf335709610c36c8f","Plumber","plumbing","","8 a.m.–4 p.m.","7 a.m.–5 p.m.","7 a.m.–5 p.m.","7 a.m.–5 p.m.","7 a.m.–5 p.m.","7 a.m.–5 p.m.","8 a.m.–4 p.m.","true","","https://www.facebook.com/profile.php","","","","","","","","","Service-Tech Plomberie | Résidentiel, Commercial et Institutionnel","Services de plomberie résidentiel et commercial dans la région de Gatineau et ses environs.","servicetechplomberie@gmail.com","","","","","","","","","+1 819 918 2269","+1 343 576 1715","+1 580 914 2201","","",""
"0x4ccdff461eb4941f:0xaaba0151371424a9","Hero Plumbing Service","72 Shearer Crescent, Kanata, ON K2L 2V2","72 Shearer Crescent","Kanata","ON","K2L 2V2","Canada","45.306329299999994","-75.8906387","88","4.7","+16134353350","America/Toronto","http://heroplumbing.net/","ChIJH5S0Hkb_zUwRqSQUN1EBuqo","https://www.google.com/maps/place/data=!3m1!4b1!4m2!3m1!1s0x4ccdff461eb4941f:0xaaba0151371424a9","Plumber","plumbing","","9 a.m.–5 p.m.","8 a.m.–8 p.m.","8 a.m.–8 p.m.","8 a.m.–8 p.m.","8 a.m.–8 p.m.","8 a.m.–8 p.m.","9 a.m.–5 p.m.","true","","https://www.facebook.com/109570007603544","https://www.instagram.com/heroplumbingservice","","","https://www.x.com/HeroPlumb","","","","","Hero Plumbing Services","Book now for our unparalleled Plumbing services !Emergency plumber available.","heroplumbingservice@gmail.com","","","","","","","","","+1 613 435 3350","","","","",""
"0x4ccdfb42d417e993:0x65aef664f2b1c6c9","Out of This World Plumbing","6212 Perth St Office 4, Richmond, ON K0A 2Z0","6212 Perth St Office 4","Richmond","ON","K0A 2Z0","Canada","45.191581299999996","-75.8425487","65","4.8","+16135198256","America/Toronto","https://www.outofthisworldhomeservices.com/service-area/richmond-plumbing/?utm_source=google&utm_medium=gmb&utm_campaign=GMB%20Richmond","ChIJk-kX1EL7zUwRycax8mT2rmU","https://www.google.com/maps/place/data=!3m1!4b1!4m2!3m1!1s0x4ccdfb42d417e993:0x65aef664f2b1c6c9","Plumber | Bathroom remodeler | Drainage service | Hot water system supplier | Water purification company | Water softening equipment supplier | Water testing service | Water treatment supplier","wholesale, plumbing","","Open 24 hours","Open 24 hours","Open 24 hours","Open 24 hours","Open 24 hours","Open 24 hours","Open 24 hours","true","","","","","","","","","","","","","","","","","","","","","","","","","","",""
"0x4cce07ac9aaf1c13:0x2b736062758821bb","Dr. Pipe Drain and Plumbing","168 Point Prim Cres #168, Ottawa, ON K2J 6P6","168 Point Prim Cres #168","Ottawa","ON","K2J 6P6","Canada","45.261580699999996","-75.7511076","70","4.9","+16137915777","America/Toronto","http://ottawaplumbernow.com/","ChIJExyvmqwHzkwRuyGIdWJgcys","https://www.google.com/maps/place/data=!3m1!4b1!4m2!3m1!1s0x4cce07ac9aaf1c13:0x2b736062758821bb","Plumber | Bathroom remodeler | Contractor | Drainage service | Emergency care service | Heating contractor | Hot water system supplier | Kitchen remodeler | Septic system service | Waterproofing service","wholesale, plumbing, hvac, construction, waterproofing, septic","","Open 24 hours","Open 24 hours","Open 24 hours","Open 24 hours","Open 24 hours","Open 24 hours","Open 24 hours","true","","https://www.facebook.com/drpipeottawa","https://www.instagram.com/dr.pipe_ottawa","","","","","","","","Ottawa Plumbers - Dr.Pipe Drain and Plumbing | Expert and Trusted","Licensed and Insured Ottawa Plumbers. 5-Star Customer Rating. Serving Ottawa and Neighbourhood. 20 Years of Experience. Fast Help in the Plumbing Emergency.","","","","","","","","","","+1 613 791 5777","","","","",""
"0xaa9866eff1c84495:0xdf6de10e8dde94e6","Aspire Plumbing Services","","","","","","Canada","45.067047699999996","-75.816929","48","4.8","+16135584593","America/Toronto","http://www.aspireplumbingservices.ca/","ChIJlUTI8e9mmKoR5pTejQ7hbd8","https://www.google.com/maps/place/data=!3m1!4b1!4m2!3m1!1s0xaa9866eff1c84495:0xdf6de10e8dde94e6","Plumber | Service establishment","plumbing","","Open 24 hours","Open 24 hours","Open 24 hours","Open 24 hours","Open 24 hours","Open 24 hours","Open 24 hours","true","","https://facebook.com/aspireplumbingservices","https://instagram.com/aspireplumbingservices","","","","","","","","Aspire Plumbing Services Inc: Trusted Ottawa plumber with 24/7 emergency support","Aspire Plumbing Services Inc in Ottawa offers quality plumbing solutions with over 15 years of experience. Red Seal certified plumbers provide hot water tank replacement, drain cleaning, emergency repairs, and more. Available 24/7 for your plumbing needs.","josh@aspireplumbingservices.ca","","","","","","","","","+1 613 558 4593","","","","",""
"0x4cce0eda0d327739:0x6aafbda066f75363","Valente Plumbing","3988 Leitrim Rd, Gloucester, ON K1G 3N4","3988 Leitrim Rd","Gloucester","ON","K1G 3N4","Canada","45.3448049","-75.56701249999999","18","4.8","+16134628383","America/Toronto","http://www.valenteplumbing.ca/","ChIJOXcyDdoOzkwRY1P3ZqC9r2o","https://www.google.com/maps/place/data=!3m1!4b1!4m2!3m1!1s0x4cce0eda0d327739:0x6aafbda066f75363","Plumber","plumbing","","Closed","8 a.m.–5 p.m.","8 a.m.–5 p.m.","8 a.m.–5 p.m.","8 a.m.–5 p.m.","8 a.m.–5 p.m.","Closed","true","","","https://www.instagram.com/valenteplumbing","","","","","","","","Valente Plumbing","Residential and Commercial Service   Custom Home Plumbing
Multi-Unit Plumbing
Renovations

Ottawa, Ontario

info@valenteplumbing.ca","info@valenteplumbing.ca","info@valenteplumbing.cacall","info@valenteplumbing.cahourstodayclosedneed","","","","","","","+1 613 462 8383","","","","",""
